{"offline_id": "727faa5f16e14c49bcca1c957313c747", "project_name": "yolov5", "start_time": 1732986679424, "stop_time": 1732989758801, "tags": [], "workspace": null, "resume_strategy": "create", "customer_error_reported": true, "customer_error_message": "Unexpected error detected in the user script: FileNotFoundError('Caught FileNotFoundError in DataLoader worker process 0.\\nOriginal Traceback (most recent call last):\\n  File \"c:\\\\Users\\\\vasco\\\\AppData\\\\Local\\\\Programs\\\\Python\\\\Python311\\\\Lib\\\\site-packages\\\\torch\\\\utils\\\\data\\\\_utils\\\\worker.py\", line 351, in _worker_loop\\n    data = fetcher.fetch(index)  # type: ignore[possibly-undefined]\\n           ^^^^^^^^^^^^^^^^^^^^\\n  File \"c:\\\\Users\\\\vasco\\\\AppData\\\\Local\\\\Programs\\\\Python\\\\Python311\\\\Lib\\\\site-packages\\\\torch\\\\utils\\\\data\\\\_utils\\\\fetch.py\", line 52, in fetch\\n    data = [self.dataset[idx] for idx in possibly_batched_index]\\n           ^^^^^^^^^^^^^^^^^^^^^^^^^^^^^^^^^^^^^^^^^^^^^^^^^^^^^\\n  File \"c:\\\\Users\\\\vasco\\\\AppData\\\\Local\\\\Programs\\\\Python\\\\Python311\\\\Lib\\\\site-packages\\\\torch\\\\utils\\\\data\\\\_utils\\\\fetch.py\", line 52, in <listcomp>\\n    data = [self.dataset[idx] for idx in possibly_batched_index]\\n            ~~~~~~~~~~~~^^^^^\\n  File \"c:\\\\Users\\\\vasco\\\\OneDrive\\\\Ambiente de Trabalho\\\\LEFT\\\\Neecathon\\\\YOLO-Drowsiness-Detection\\\\yolov5\\\\utils\\\\dataloaders.py\", line 780, in __getitem__\\n    img, labels = self.load_mosaic(index)\\n                  ^^^^^^^^^^^^^^^^^^^^^^^\\n  File \"c:\\\\Users\\\\vasco\\\\OneDrive\\\\Ambiente de Trabalho\\\\LEFT\\\\Neecathon\\\\YOLO-Drowsiness-Detection\\\\yolov5\\\\utils\\\\dataloaders.py\", line 889, in load_mosaic\\n    img, _, (h, w) = self.load_image(index)\\n                     ^^^^^^^^^^^^^^^^^^^^^^\\n  File \"c:\\\\Users\\\\vasco\\\\OneDrive\\\\Ambiente de Trabalho\\\\LEFT\\\\Neecathon\\\\YOLO-Drowsiness-Detection\\\\yolov5\\\\utils\\\\dataloaders.py\", line 864, in load_image\\n    im = cv2.imread(f)  # BGR\\n         ^^^^^^^^^^^^^\\n  File \"c:\\\\Users\\\\vasco\\\\AppData\\\\Local\\\\Programs\\\\Python\\\\Python311\\\\Lib\\\\site-packages\\\\ultralytics\\\\utils\\\\patches.py\", line 26, in imread\\n    return cv2.imdecode(np.fromfile(filename, np.uint8), flags)\\n                        ^^^^^^^^^^^^^^^^^^^^^^^^^^^^^^^\\nFileNotFoundError: [Errno 2] No such file or directory: \\'C:\\\\\\\\Users\\\\\\\\vasco\\\\\\\\OneDrive\\\\\\\\Ambiente de Trabalho\\\\\\\\LEFT\\\\\\\\Neecathon\\\\\\\\YOLO-Drowsiness-Detection\\\\\\\\data\\\\\\\\images\\\\\\\\drowsy.b7b43524-af26-11ef-8602-88a4c2e346de.jpg\\'\\n')", "user_provided_experiment_key": false, "comet_start_sourced": false}