{"offline_id": "5b42eb126c804f7c96ca230586aac7d9", "project_name": "yolov5", "start_time": 1732986421960, "stop_time": 1732986436836, "tags": [], "workspace": null, "resume_strategy": "create", "customer_error_reported": true, "customer_error_message": "Unexpected error detected in the user script: AssertionError('\\x1b[34m\\x1b[1mtrain: \\x1b[0mNo labels found in C:\\\\Users\\\\vasco\\\\OneDrive\\\\Ambiente de Trabalho\\\\LEFT\\\\Neecathon\\\\YOLO-Drowsiness-Detection\\\\data\\\\labels.cache, can not start training. See https://docs.ultralytics.com/yolov5/tutorials/train_custom_data')", "user_provided_experiment_key": false, "comet_start_sourced": false}