{"payload":{"installed_packages":["asgiref==3.8.1","astroid==2.12.13","asttokens==2.4.1","attrs==24.2.0","autocommand==2.2.2","backports.tarfile==1.2.0","bcrypt==4.0.1","beautifulsoup4==4.12.3","capstone==5.0.1","certifi==2023.11.17","cffi==1.16.0","charset-normalizer==3.3.2","colorama==0.4.6","colored-traceback==0.3.0","comet-ml==3.47.4","comm==0.2.2","configobj==5.0.9","contourpy==1.2.0","coverage==7.0.5","cryptography==41.0.5","cycler==0.12.1","debugpy==1.8.1","decorator==5.1.1","dill==0.3.6","django==5.1.1","django-cors-headers==4.4.0","djangorestframework==3.15.2","dulwich==0.22.6","et-xmlfile==1.1.0","everett==3.1.0","executing==2.0.1","filelock==3.14.0","fonttools==4.44.3","fsspec==2024.10.0","gdown==5.2.0","gitdb==4.0.11","gitpython==3.1.43","google==3.0.0","httplib2==0.21.0","idna==3.4","importlib_metadata==8.0.0","inflect==7.3.1","intervaltree==3.1.0","ipykernel==6.29.4","ipython==8.24.0","isort==5.11.1","jaraco.collections==5.1.0","jaraco.context==5.3.0","jaraco.functools==4.0.1","jaraco.text==3.12.1","jedi==0.19.1","jinja2==3.1.4","joblib==1.4.2","jsonschema==4.23.0","jsonschema-specifications==2024.10.1","jupyter_client==8.6.2","jupyter_core==5.7.2","kiwisolver==1.4.5","lazy-object-proxy==1.8.0","lizard==1.17.10","lxml==5.3.0","mako==1.3.0","markdown-it-py==3.0.0","markupsafe==2.1.3","matplotlib==3.8.1","matplotlib-inline==0.1.7","mccabe==0.7.0","mdurl==0.1.2","more-itertools==10.3.0","mpmath==1.3.0","nest-asyncio==1.6.0","networkx==3.2.1","npm==0.1.1","npx==0.1.6","numpy==1.26.2","opencv-python==4.10.0.84","openpyxl==3.1.5","optional-django==0.3.0","packaging==23.2","packaging==24.2","pandas==2.2.2","paramiko==3.3.1","parso==0.8.4","pillow==11.0.0","pip==24.3.1","plantuml==0.3.0","platformdirs==2.6.0","platformdirs==4.2.2","plumbum==1.8.2","ply==3.11","prompt-toolkit==3.0.43","psutil==5.9.6","pure-eval==0.2.2","pwn==1.0","pwntools==4.11.1","py-cpuinfo==9.0.0","pycparser==2.21","pycryptodome==3.19.0","pyelftools==0.30","pygame==2.5.2","pygments==2.17.2","pylint==2.15.8","pynacl==1.5.0","pyparsing==3.0.9","pyqt5==5.15.11","pyqt5-qt5==5.15.2","pyqt5_sip==12.15.0","pyserial==3.5","pysocks==1.7.1","python-box==6.1.0","python-dateutil==2.8.2","pytz==2024.2","pywin32==306","pyyaml==6.0.2","pyzmq==26.0.3","react==4.3.0","referencing==0.35.1","requests==2.32.3","requests-toolbelt==1.0.0","rich==13.9.4","ropgadget==7.4","rpds-py==0.21.0","rpyc==5.3.1","scikit-learn==1.5.2","scipy==1.11.3","seaborn==0.13.2","semantic-version==2.10.0","sentry-sdk==2.19.0","setuptools==75.6.0","simplejson==3.19.3","six==1.16.0","smmap==5.0.1","sortedcontainers==2.4.0","soupsieve==2.5","spicy==0.16.0","sqlparse==0.5.1","stack-data==0.6.3","sympy==1.13.1","thop==0.1.1-2209072238","threadpoolctl==3.5.0","tk==0.1.0","tomli==2.0.1","tomlkit==0.11.6","torch==2.5.1","torchaudio==2.5.1","torchvision==0.20.1","tornado==6.4","tqdm==4.66.4","traitlets==5.14.3","typeguard==4.3.0","typing_extensions==4.12.0","typing_extensions==4.12.2","tzdata==2024.1","ultralytics==8.3.39","ultralytics-thop==2.0.12","unicorn==2.0.1.post1","urllib3==2.1.0","wcwidth==0.2.13","wheel==0.43.0","wrapt==1.14.1","wurlitzer==3.1.1","zipp==3.19.2"],"message_id":1},"type":"installed_packages"}
{"payload":{"command":["train.py","--img","320","--batch","16","--epochs","500","--data","dataset.yml","--weights","yolov5s.pt","--workers","2","--device","cpu"],"env":null,"hostname":"Vasco_Pires","ip":"172.20.199.137","machine":"AMD64","message_id":2,"os":"Windows-10-10.0.22631-SP0","os_release":"10","os_type":"Windows","pid":25872,"processor":"AMD64 Family 25 Model 80 Stepping 0, AuthenticAMD","python_exe":"c:\\Users\\vasco\\AppData\\Local\\Programs\\Python\\Python311\\python.exe","python_version":"3.11.1","python_version_verbose":"3.11.1 (tags/v3.11.1:a7a450f, Dec  6 2022, 19:58:39) [MSC v.1934 64 bit (AMD64)]","user":"vasco"},"type":"system_details"}
{"payload":{"gpu_static_info":[{"gpu_index":0,"name":"NVIDIA GeForce RTX 3070 Laptop GPU","power_limit":115000,"total_memory":8589934592,"uuid":"GPU-e20ba81b-e186-736f-2cf7-74a54d9a3bce"}],"message_id":3},"type":"gpu_static_info"}
{"payload":{"local_timestamp":1732986423839,"message_id":4,"metric":{"epoch":null,"metricName":"sys.gpu.0.total_memory","metricValue":8589934592,"step":null}},"type":"metric_msg"}
{"payload":{"local_timestamp":1732986423840,"message_id":5,"param":{"paramName":"img","paramValue":320,"source":"cli","step":null}},"type":"parameter_msg"}
{"payload":{"local_timestamp":1732986423840,"message_id":6,"param":{"paramName":"batch","paramValue":16,"source":"cli","step":null}},"type":"parameter_msg"}
{"payload":{"local_timestamp":1732986423840,"message_id":7,"param":{"paramName":"epochs","paramValue":500,"source":"cli","step":null}},"type":"parameter_msg"}
{"payload":{"local_timestamp":1732986423840,"message_id":8,"param":{"paramName":"data","paramValue":"dataset.yml","source":"cli","step":null}},"type":"parameter_msg"}
{"payload":{"local_timestamp":1732986423840,"message_id":9,"param":{"paramName":"weights","paramValue":"yolov5s.pt","source":"cli","step":null}},"type":"parameter_msg"}
{"payload":{"local_timestamp":1732986423840,"message_id":10,"param":{"paramName":"workers","paramValue":2,"source":"cli","step":null}},"type":"parameter_msg"}
{"payload":{"local_timestamp":1732986423840,"message_id":11,"param":{"paramName":"device","paramValue":"cpu","source":"cli","step":null}},"type":"parameter_msg"}
{"payload":{"key":"offline_experiment","message_id":12,"value":true},"type":"log_other"}
{"payload":{"key":"Name","message_id":13,"value":"exp"},"type":"log_other"}
{"payload":{"additional_params":{"assetId":"3fc203b12f174f88874cc5a0b7cc2225","context":null,"extension":"yml","fileName":"dataset.yml","overwrite":false,"runId":null,"step":null},"clean":true,"file_path":"tmpj94w8myr","local_timestamp":1732986423845,"message_id":14,"metadata":{"type":"data-config-file"},"upload_type":"asset"},"type":"file_upload"}
{"payload":{"key":"Created from","message_id":15,"value":"YOLOv5"},"type":"log_other"}
{"payload":{"key":"hasNestedParams","message_id":16,"value":true},"type":"log_other"}
{"payload":{"local_timestamp":1732986423852,"message_id":17,"param":{"paramName":"artifact_alias","paramValue":"latest","source":"manual","step":null}},"type":"parameter_msg"}
{"payload":{"local_timestamp":1732986423852,"message_id":18,"param":{"paramName":"batch_size","paramValue":16,"source":"manual","step":null}},"type":"parameter_msg"}
{"payload":{"local_timestamp":1732986423852,"message_id":19,"param":{"paramName":"bbox_interval","paramValue":-1,"source":"manual","step":null}},"type":"parameter_msg"}
{"payload":{"local_timestamp":1732986423852,"message_id":20,"param":{"paramName":"bucket","paramValue":"","source":"manual","step":null}},"type":"parameter_msg"}
{"payload":{"local_timestamp":1732986423852,"message_id":21,"param":{"paramName":"cache","paramValue":null,"source":"manual","step":null}},"type":"parameter_msg"}
{"payload":{"local_timestamp":1732986423852,"message_id":22,"param":{"paramName":"cfg","paramValue":"","source":"manual","step":null}},"type":"parameter_msg"}
{"payload":{"local_timestamp":1732986423852,"message_id":23,"param":{"paramName":"cos_lr","paramValue":false,"source":"manual","step":null}},"type":"parameter_msg"}
{"payload":{"local_timestamp":1732986423852,"message_id":24,"param":{"paramName":"entity","paramValue":null,"source":"manual","step":null}},"type":"parameter_msg"}
{"payload":{"local_timestamp":1732986423852,"message_id":25,"param":{"paramName":"evolve","paramValue":null,"source":"manual","step":null}},"type":"parameter_msg"}
{"payload":{"local_timestamp":1732986423852,"message_id":26,"param":{"paramName":"evolve_population","paramValue":"data\\hyps","source":"manual","step":null}},"type":"parameter_msg"}
{"payload":{"local_timestamp":1732986423852,"message_id":27,"param":{"paramName":"exist_ok","paramValue":false,"source":"manual","step":null}},"type":"parameter_msg"}
{"payload":{"local_timestamp":1732986423852,"message_id":28,"params":{"paramName":"freeze","paramValue":[0],"source":"manual","step":null}},"type":"parameter_msg"}
{"payload":{"local_timestamp":1732986423852,"message_id":29,"param":{"paramName":"hyp|anchor_t","paramValue":4.0,"source":"manual","step":null}},"type":"parameter_msg"}
{"payload":{"local_timestamp":1732986423852,"message_id":30,"param":{"paramName":"hyp|box","paramValue":0.05,"source":"manual","step":null}},"type":"parameter_msg"}
{"payload":{"local_timestamp":1732986423852,"message_id":31,"param":{"paramName":"hyp|cls","paramValue":0.5,"source":"manual","step":null}},"type":"parameter_msg"}
{"payload":{"local_timestamp":1732986423852,"message_id":32,"param":{"paramName":"hyp|cls_pw","paramValue":1.0,"source":"manual","step":null}},"type":"parameter_msg"}
{"payload":{"local_timestamp":1732986423852,"message_id":33,"param":{"paramName":"hyp|copy_paste","paramValue":0.0,"source":"manual","step":null}},"type":"parameter_msg"}
{"payload":{"local_timestamp":1732986423852,"message_id":34,"param":{"paramName":"hyp|degrees","paramValue":0.0,"source":"manual","step":null}},"type":"parameter_msg"}
{"payload":{"local_timestamp":1732986423852,"message_id":35,"param":{"paramName":"hyp|fl_gamma","paramValue":0.0,"source":"manual","step":null}},"type":"parameter_msg"}
{"payload":{"local_timestamp":1732986423852,"message_id":36,"param":{"paramName":"hyp|fliplr","paramValue":0.5,"source":"manual","step":null}},"type":"parameter_msg"}
{"payload":{"local_timestamp":1732986423852,"message_id":37,"param":{"paramName":"hyp|flipud","paramValue":0.0,"source":"manual","step":null}},"type":"parameter_msg"}
{"payload":{"local_timestamp":1732986423852,"message_id":38,"param":{"paramName":"hyp|hsv_h","paramValue":0.015,"source":"manual","step":null}},"type":"parameter_msg"}
{"payload":{"local_timestamp":1732986423852,"message_id":39,"param":{"paramName":"hyp|hsv_s","paramValue":0.7,"source":"manual","step":null}},"type":"parameter_msg"}
{"payload":{"local_timestamp":1732986423852,"message_id":40,"param":{"paramName":"hyp|hsv_v","paramValue":0.4,"source":"manual","step":null}},"type":"parameter_msg"}
{"payload":{"local_timestamp":1732986423852,"message_id":41,"param":{"paramName":"hyp|iou_t","paramValue":0.2,"source":"manual","step":null}},"type":"parameter_msg"}
{"payload":{"local_timestamp":1732986423852,"message_id":42,"param":{"paramName":"hyp|lr0","paramValue":0.01,"source":"manual","step":null}},"type":"parameter_msg"}
{"payload":{"local_timestamp":1732986423852,"message_id":43,"param":{"paramName":"hyp|lrf","paramValue":0.01,"source":"manual","step":null}},"type":"parameter_msg"}
{"payload":{"local_timestamp":1732986423852,"message_id":44,"param":{"paramName":"hyp|mixup","paramValue":0.0,"source":"manual","step":null}},"type":"parameter_msg"}
{"payload":{"local_timestamp":1732986423852,"message_id":45,"param":{"paramName":"hyp|momentum","paramValue":0.937,"source":"manual","step":null}},"type":"parameter_msg"}
{"payload":{"local_timestamp":1732986423852,"message_id":46,"param":{"paramName":"hyp|mosaic","paramValue":1.0,"source":"manual","step":null}},"type":"parameter_msg"}
{"payload":{"local_timestamp":1732986423852,"message_id":47,"param":{"paramName":"hyp|obj","paramValue":1.0,"source":"manual","step":null}},"type":"parameter_msg"}
{"payload":{"local_timestamp":1732986423852,"message_id":48,"param":{"paramName":"hyp|obj_pw","paramValue":1.0,"source":"manual","step":null}},"type":"parameter_msg"}
{"payload":{"local_timestamp":1732986423852,"message_id":49,"param":{"paramName":"hyp|perspective","paramValue":0.0,"source":"manual","step":null}},"type":"parameter_msg"}
{"payload":{"local_timestamp":1732986423852,"message_id":50,"param":{"paramName":"hyp|scale","paramValue":0.5,"source":"manual","step":null}},"type":"parameter_msg"}
{"payload":{"local_timestamp":1732986423852,"message_id":51,"param":{"paramName":"hyp|shear","paramValue":0.0,"source":"manual","step":null}},"type":"parameter_msg"}
{"payload":{"local_timestamp":1732986423852,"message_id":52,"param":{"paramName":"hyp|translate","paramValue":0.1,"source":"manual","step":null}},"type":"parameter_msg"}
{"payload":{"local_timestamp":1732986423852,"message_id":53,"param":{"paramName":"hyp|warmup_bias_lr","paramValue":0.1,"source":"manual","step":null}},"type":"parameter_msg"}
{"payload":{"local_timestamp":1732986423852,"message_id":54,"param":{"paramName":"hyp|warmup_epochs","paramValue":3.0,"source":"manual","step":null}},"type":"parameter_msg"}
{"payload":{"local_timestamp":1732986423852,"message_id":55,"param":{"paramName":"hyp|warmup_momentum","paramValue":0.8,"source":"manual","step":null}},"type":"parameter_msg"}
{"payload":{"local_timestamp":1732986423852,"message_id":56,"param":{"paramName":"hyp|weight_decay","paramValue":0.0005,"source":"manual","step":null}},"type":"parameter_msg"}
{"payload":{"local_timestamp":1732986423852,"message_id":57,"param":{"paramName":"image_weights","paramValue":false,"source":"manual","step":null}},"type":"parameter_msg"}
{"payload":{"local_timestamp":1732986423852,"message_id":58,"param":{"paramName":"imgsz","paramValue":320,"source":"manual","step":null}},"type":"parameter_msg"}
{"payload":{"local_timestamp":1732986423852,"message_id":59,"param":{"paramName":"label_smoothing","paramValue":0.0,"source":"manual","step":null}},"type":"parameter_msg"}
{"payload":{"local_timestamp":1732986423852,"message_id":60,"param":{"paramName":"local_rank","paramValue":-1,"source":"manual","step":null}},"type":"parameter_msg"}
{"payload":{"local_timestamp":1732986423852,"message_id":61,"param":{"paramName":"multi_scale","paramValue":false,"source":"manual","step":null}},"type":"parameter_msg"}
{"payload":{"local_timestamp":1732986423852,"message_id":62,"param":{"paramName":"name","paramValue":"exp","source":"manual","step":null}},"type":"parameter_msg"}
{"payload":{"local_timestamp":1732986423852,"message_id":63,"param":{"paramName":"ndjson_console","paramValue":false,"source":"manual","step":null}},"type":"parameter_msg"}
{"payload":{"local_timestamp":1732986423852,"message_id":64,"param":{"paramName":"ndjson_file","paramValue":false,"source":"manual","step":null}},"type":"parameter_msg"}
{"payload":{"local_timestamp":1732986423852,"message_id":65,"param":{"paramName":"noautoanchor","paramValue":false,"source":"manual","step":null}},"type":"parameter_msg"}
{"payload":{"local_timestamp":1732986423852,"message_id":66,"param":{"paramName":"noplots","paramValue":false,"source":"manual","step":null}},"type":"parameter_msg"}
{"payload":{"local_timestamp":1732986423852,"message_id":67,"param":{"paramName":"nosave","paramValue":false,"source":"manual","step":null}},"type":"parameter_msg"}
{"payload":{"local_timestamp":1732986423852,"message_id":68,"param":{"paramName":"noval","paramValue":false,"source":"manual","step":null}},"type":"parameter_msg"}
{"payload":{"local_timestamp":1732986423852,"message_id":69,"param":{"paramName":"optimizer","paramValue":"SGD","source":"manual","step":null}},"type":"parameter_msg"}
{"payload":{"local_timestamp":1732986423854,"message_id":70,"param":{"paramName":"patience","paramValue":100,"source":"manual","step":null}},"type":"parameter_msg"}
{"payload":{"local_timestamp":1732986423854,"message_id":71,"param":{"paramName":"project","paramValue":"runs\\train","source":"manual","step":null}},"type":"parameter_msg"}
{"payload":{"local_timestamp":1732986423854,"message_id":72,"param":{"paramName":"quad","paramValue":false,"source":"manual","step":null}},"type":"parameter_msg"}
{"payload":{"local_timestamp":1732986423854,"message_id":73,"param":{"paramName":"rect","paramValue":false,"source":"manual","step":null}},"type":"parameter_msg"}
{"payload":{"local_timestamp":1732986423854,"message_id":74,"param":{"paramName":"resume","paramValue":false,"source":"manual","step":null}},"type":"parameter_msg"}
{"payload":{"local_timestamp":1732986423854,"message_id":75,"param":{"paramName":"resume_evolve","paramValue":null,"source":"manual","step":null}},"type":"parameter_msg"}
{"payload":{"local_timestamp":1732986423854,"message_id":76,"param":{"paramName":"save_dir","paramValue":"runs\\train\\exp6","source":"manual","step":null}},"type":"parameter_msg"}
{"payload":{"local_timestamp":1732986423854,"message_id":77,"param":{"paramName":"save_period","paramValue":-1,"source":"manual","step":null}},"type":"parameter_msg"}
{"payload":{"local_timestamp":1732986423854,"message_id":78,"param":{"paramName":"seed","paramValue":0,"source":"manual","step":null}},"type":"parameter_msg"}
{"payload":{"local_timestamp":1732986423854,"message_id":79,"param":{"paramName":"single_cls","paramValue":false,"source":"manual","step":null}},"type":"parameter_msg"}
{"payload":{"local_timestamp":1732986423854,"message_id":80,"param":{"paramName":"sync_bn","paramValue":false,"source":"manual","step":null}},"type":"parameter_msg"}
{"payload":{"local_timestamp":1732986423854,"message_id":81,"param":{"paramName":"upload_dataset","paramValue":false,"source":"manual","step":null}},"type":"parameter_msg"}
{"payload":{"local_timestamp":1732986423854,"message_id":82,"param":{"paramName":"anchor_t","paramValue":4.0,"source":"manual","step":null}},"type":"parameter_msg"}
{"payload":{"local_timestamp":1732986423854,"message_id":83,"param":{"paramName":"box","paramValue":0.05,"source":"manual","step":null}},"type":"parameter_msg"}
{"payload":{"local_timestamp":1732986423854,"message_id":84,"param":{"paramName":"cls","paramValue":0.5,"source":"manual","step":null}},"type":"parameter_msg"}
{"payload":{"local_timestamp":1732986423854,"message_id":85,"param":{"paramName":"cls_pw","paramValue":1.0,"source":"manual","step":null}},"type":"parameter_msg"}
{"payload":{"local_timestamp":1732986423854,"message_id":86,"param":{"paramName":"copy_paste","paramValue":0.0,"source":"manual","step":null}},"type":"parameter_msg"}
{"payload":{"local_timestamp":1732986423854,"message_id":87,"param":{"paramName":"degrees","paramValue":0.0,"source":"manual","step":null}},"type":"parameter_msg"}
{"payload":{"local_timestamp":1732986423854,"message_id":88,"param":{"paramName":"fl_gamma","paramValue":0.0,"source":"manual","step":null}},"type":"parameter_msg"}
{"payload":{"local_timestamp":1732986423854,"message_id":89,"param":{"paramName":"fliplr","paramValue":0.5,"source":"manual","step":null}},"type":"parameter_msg"}
{"payload":{"local_timestamp":1732986423854,"message_id":90,"param":{"paramName":"flipud","paramValue":0.0,"source":"manual","step":null}},"type":"parameter_msg"}
{"payload":{"local_timestamp":1732986423854,"message_id":91,"param":{"paramName":"hsv_h","paramValue":0.015,"source":"manual","step":null}},"type":"parameter_msg"}
{"payload":{"local_timestamp":1732986423854,"message_id":92,"param":{"paramName":"hsv_s","paramValue":0.7,"source":"manual","step":null}},"type":"parameter_msg"}
{"payload":{"local_timestamp":1732986423854,"message_id":93,"param":{"paramName":"hsv_v","paramValue":0.4,"source":"manual","step":null}},"type":"parameter_msg"}
{"payload":{"local_timestamp":1732986423854,"message_id":94,"param":{"paramName":"iou_t","paramValue":0.2,"source":"manual","step":null}},"type":"parameter_msg"}
{"payload":{"local_timestamp":1732986423854,"message_id":95,"param":{"paramName":"lr0","paramValue":0.01,"source":"manual","step":null}},"type":"parameter_msg"}
{"payload":{"local_timestamp":1732986423854,"message_id":96,"param":{"paramName":"lrf","paramValue":0.01,"source":"manual","step":null}},"type":"parameter_msg"}
{"payload":{"local_timestamp":1732986423854,"message_id":97,"param":{"paramName":"mixup","paramValue":0.0,"source":"manual","step":null}},"type":"parameter_msg"}
{"payload":{"local_timestamp":1732986423854,"message_id":98,"param":{"paramName":"momentum","paramValue":0.937,"source":"manual","step":null}},"type":"parameter_msg"}
{"payload":{"local_timestamp":1732986423854,"message_id":99,"param":{"paramName":"mosaic","paramValue":1.0,"source":"manual","step":null}},"type":"parameter_msg"}
{"payload":{"local_timestamp":1732986423854,"message_id":100,"param":{"paramName":"obj","paramValue":1.0,"source":"manual","step":null}},"type":"parameter_msg"}
{"payload":{"local_timestamp":1732986423854,"message_id":101,"param":{"paramName":"obj_pw","paramValue":1.0,"source":"manual","step":null}},"type":"parameter_msg"}
{"payload":{"local_timestamp":1732986423854,"message_id":102,"param":{"paramName":"perspective","paramValue":0.0,"source":"manual","step":null}},"type":"parameter_msg"}
{"payload":{"local_timestamp":1732986423854,"message_id":103,"param":{"paramName":"scale","paramValue":0.5,"source":"manual","step":null}},"type":"parameter_msg"}
{"payload":{"local_timestamp":1732986423854,"message_id":104,"param":{"paramName":"shear","paramValue":0.0,"source":"manual","step":null}},"type":"parameter_msg"}
{"payload":{"local_timestamp":1732986423854,"message_id":105,"param":{"paramName":"translate","paramValue":0.1,"source":"manual","step":null}},"type":"parameter_msg"}
{"payload":{"local_timestamp":1732986423854,"message_id":106,"param":{"paramName":"warmup_bias_lr","paramValue":0.1,"source":"manual","step":null}},"type":"parameter_msg"}
{"payload":{"local_timestamp":1732986423854,"message_id":107,"param":{"paramName":"warmup_epochs","paramValue":3.0,"source":"manual","step":null}},"type":"parameter_msg"}
{"payload":{"local_timestamp":1732986423854,"message_id":108,"param":{"paramName":"warmup_momentum","paramValue":0.8,"source":"manual","step":null}},"type":"parameter_msg"}
{"payload":{"local_timestamp":1732986423854,"message_id":109,"param":{"paramName":"weight_decay","paramValue":0.0005,"source":"manual","step":null}},"type":"parameter_msg"}
{"payload":{"additional_params":{"assetId":"60449a928d4d47f58c667033d75a4b57","context":null,"epoch":null,"extension":"json","fileName":"hyperparameters.json","overwrite":false,"runId":null,"step":null},"clean":true,"file_path":"tmpgp9v2vor","local_timestamp":1732986423865,"message_id":110,"metadata":{"type":"hyp-config-file"},"upload_type":"asset"},"type":"file_upload"}
{"payload":{"additional_params":{"assetId":"d58caf2c735a4782b521dbceaaaf57a0","context":null,"extension":"yaml","fileName":"opt.yaml","overwrite":false,"runId":null,"step":null},"clean":true,"file_path":"tmpinw891kw","local_timestamp":1732986423866,"message_id":111,"metadata":{"type":"opt-config-file"},"upload_type":"asset"},"type":"file_upload"}
{"payload":{"local_timestamp":1732986423866,"message_id":112,"param":{"paramName":"val_conf_threshold","paramValue":0.001,"source":"manual","step":null}},"type":"parameter_msg"}
{"payload":{"local_timestamp":1732986423866,"message_id":113,"param":{"paramName":"val_iou_threshold","paramValue":0.6,"source":"manual","step":null}},"type":"parameter_msg"}
{"payload":{"key":"comet_mode","message_id":114,"value":"online"},"type":"log_other"}
{"payload":{"key":"comet_max_image_uploads","message_id":115,"value":100},"type":"log_other"}
{"payload":{"key":"comet_log_per_class_metrics","message_id":116,"value":false},"type":"log_other"}
{"payload":{"key":"comet_log_batch_metrics","message_id":117,"value":false},"type":"log_other"}
{"payload":{"key":"comet_log_confusion_matrix","message_id":118,"value":true},"type":"log_other"}
{"payload":{"key":"comet_model_name","message_id":119,"value":"yolov5"},"type":"log_other"}
{"payload":{"local_timestamp":1732986424313,"message_id":120,"metric":{"epoch":null,"metricName":"sys.cpu.percent.avg","metricValue":0.0,"step":null}},"type":"metric_msg"}
{"payload":{"local_timestamp":1732986424313,"message_id":121,"metric":{"epoch":null,"metricName":"sys.ram.total","metricValue":14877257728,"step":null}},"type":"metric_msg"}
{"payload":{"local_timestamp":1732986424313,"message_id":122,"metric":{"epoch":null,"metricName":"sys.ram.used","metricValue":11533312000,"step":null}},"type":"metric_msg"}
{"payload":{"local_timestamp":1732986424313,"message_id":123,"metric":{"epoch":null,"metricName":"sys.ram.available","metricValue":3343945728,"step":null}},"type":"metric_msg"}
{"payload":{"local_timestamp":1732986424313,"message_id":124,"metric":{"epoch":null,"metricName":"sys.ram.percent.used","metricValue":77.5,"step":null}},"type":"metric_msg"}
{"payload":{"local_timestamp":1732986424313,"message_id":125,"metric":{"epoch":null,"metricName":"sys.load.avg","metricValue":0.0,"step":null}},"type":"metric_msg"}
{"payload":{"local_timestamp":1732986424336,"message_id":126,"output":"Overriding model.yaml nc=80 with nc=17\n","stderr":true},"type":"standard_output"}
{"payload":{"local_timestamp":1732986424336,"message_id":127,"output":"\n                 from  n    params  module                                  arguments                     \n","stderr":true},"type":"standard_output"}
{"payload":{"local_timestamp":1732986424338,"message_id":128,"output":"  0                -1  1      3520  models.common.Conv                      [3, 32, 6, 2, 2]              \n","stderr":true},"type":"standard_output"}
{"payload":{"local_timestamp":1732986424339,"message_id":129,"output":"  1                -1  1     18560  models.common.Conv                      [32, 64, 3, 2]                \n","stderr":true},"type":"standard_output"}
{"payload":{"local_timestamp":1732986424343,"message_id":130,"output":"  2                -1  1     18816  models.common.C3                        [64, 64, 1]                   \n","stderr":true},"type":"standard_output"}
{"payload":{"local_timestamp":1732986424346,"message_id":131,"output":"  3                -1  1     73984  models.common.Conv                      [64, 128, 3, 2]               \n","stderr":true},"type":"standard_output"}
{"payload":{"local_timestamp":1732986424351,"message_id":132,"output":"  4                -1  2    115712  models.common.C3                        [128, 128, 2]                 \n","stderr":true},"type":"standard_output"}
{"payload":{"local_timestamp":1732986424354,"message_id":133,"output":"  5                -1  1    295424  models.common.Conv                      [128, 256, 3, 2]              \n","stderr":true},"type":"standard_output"}
{"payload":{"local_timestamp":1732986424364,"message_id":134,"output":"  6                -1  3    625152  models.common.C3                        [256, 256, 3]                 \n","stderr":true},"type":"standard_output"}
{"payload":{"local_timestamp":1732986424371,"message_id":135,"output":"  7                -1  1   1180672  models.common.Conv                      [256, 512, 3, 2]              \n","stderr":true},"type":"standard_output"}
{"payload":{"local_timestamp":1732986424381,"message_id":136,"output":"  8                -1  1   1182720  models.common.C3                        [512, 512, 1]                 \n","stderr":true},"type":"standard_output"}
{"payload":{"local_timestamp":1732986424386,"message_id":137,"output":"  9                -1  1    656896  models.common.SPPF                      [512, 512, 5]                 \n","stderr":true},"type":"standard_output"}
{"payload":{"local_timestamp":1732986424388,"message_id":138,"output":" 10                -1  1    131584  models.common.Conv                      [512, 256, 1, 1]              \n","stderr":true},"type":"standard_output"}
{"payload":{"local_timestamp":1732986424388,"message_id":139,"output":" 11                -1  1         0  torch.nn.modules.upsampling.Upsample    [None, 2, 'nearest']          \n","stderr":true},"type":"standard_output"}
{"payload":{"local_timestamp":1732986424388,"message_id":140,"output":" 12           [-1, 6]  1         0  models.common.Concat                    [1]                           \n","stderr":true},"type":"standard_output"}
{"payload":{"local_timestamp":1732986424394,"message_id":141,"output":" 13                -1  1    361984  models.common.C3                        [512, 256, 1, False]          \n","stderr":true},"type":"standard_output"}
{"payload":{"local_timestamp":1732986424395,"message_id":142,"output":" 14                -1  1     33024  models.common.Conv                      [256, 128, 1, 1]              \n","stderr":true},"type":"standard_output"}
{"payload":{"local_timestamp":1732986424396,"message_id":143,"output":" 15                -1  1         0  torch.nn.modules.upsampling.Upsample    [None, 2, 'nearest']          \n","stderr":true},"type":"standard_output"}
{"payload":{"local_timestamp":1732986424396,"message_id":144,"output":" 16           [-1, 4]  1         0  models.common.Concat                    [1]                           \n","stderr":true},"type":"standard_output"}
{"payload":{"local_timestamp":1732986424399,"message_id":145,"output":" 17                -1  1     90880  models.common.C3                        [256, 128, 1, False]          \n","stderr":true},"type":"standard_output"}
{"payload":{"local_timestamp":1732986424400,"message_id":146,"output":" 18                -1  1    147712  models.common.Conv                      [128, 128, 3, 2]              \n","stderr":true},"type":"standard_output"}
{"payload":{"local_timestamp":1732986424401,"message_id":147,"output":" 19          [-1, 14]  1         0  models.common.Concat                    [1]                           \n","stderr":true},"type":"standard_output"}
{"payload":{"local_timestamp":1732986424406,"message_id":148,"output":" 20                -1  1    296448  models.common.C3                        [256, 256, 1, False]          \n","stderr":true},"type":"standard_output"}
{"payload":{"local_timestamp":1732986424409,"message_id":149,"output":" 21                -1  1    590336  models.common.Conv                      [256, 256, 3, 2]              \n","stderr":true},"type":"standard_output"}
{"payload":{"local_timestamp":1732986424409,"message_id":150,"output":" 22          [-1, 10]  1         0  models.common.Concat                    [1]                           \n","stderr":true},"type":"standard_output"}
{"payload":{"local_timestamp":1732986424429,"message_id":151,"output":" 23                -1  1   1182720  models.common.C3                        [512, 512, 1, False]          \n","stderr":true},"type":"standard_output"}
{"payload":{"local_timestamp":1732986424431,"message_id":152,"output":" 24      [17, 20, 23]  1     59334  models.yolo.Detect                      [17, [[10, 13, 16, 30, 33, 23], [30, 61, 62, 45, 59, 119], [116, 90, 156, 198, 373, 326]], [128, 256, 512]]\n","stderr":true},"type":"standard_output"}
{"payload":{"local_timestamp":1732986424658,"message_id":153,"output":"Model summary: 214 layers, 7065478 parameters, 7065478 gradients, 16.1 GFLOPs\n","stderr":true},"type":"standard_output"}
{"payload":{"local_timestamp":1732986424658,"message_id":154,"output":"\n","stderr":true},"type":"standard_output"}
{"payload":{"local_timestamp":1732986424717,"message_id":155,"output":"Transferred 343/349 items from yolov5s.pt\n","stderr":true},"type":"standard_output"}
{"payload":{"local_timestamp":1732986424721,"message_id":156,"output":"\u001b[34m\u001b[1moptimizer:\u001b[0m SGD(lr=0.01) with parameter groups 57 weight(decay=0.0), 60 weight(decay=0.0005), 60 bias\n","stderr":true},"type":"standard_output"}
{"payload":{"local_timestamp":1732986424885,"message_id":157,"output":"\r\u001b[34m\u001b[1mtrain: \u001b[0mScanning C:\\Users\\vasco\\OneDrive\\Ambiente de Trabalho\\LEFT\\Neecathon\\YOLO-Drowsiness-Detection\\data\\labels...:   0%|          | 0/60 [00:00<?, ?it/s]","stderr":true},"type":"standard_output"}
{"payload":{"git_metadata":{"branch":"refs/heads/master","origin":"https://github.com/ultralytics/yolov5","parent":"882c35fc43a4d7175ff24e8e20b0ec0636d75f49","repo_name":"yolov5","root":"1e84a23f38fad9e52b59101e9f1246d93066ed1e","status":null,"user":"Vasco Pires"},"message_id":158},"type":"git_metadata"}
{"payload":{"local_timestamp":1732986436458,"message_id":159,"output":"\r\u001b[34m\u001b[1mtrain: \u001b[0mScanning C:\\Users\\vasco\\OneDrive\\Ambiente de Trabalho\\LEFT\\Neecathon\\YOLO-Drowsiness-Detection\\data\\labels... 0 images, 1 backgrounds, 0 corrupt:   2%|\u258f         | 1/60 [00:11<11:22, 11.57s/it]","stderr":true},"type":"standard_output"}
{"payload":{"local_timestamp":1732986436566,"message_id":160,"output":"\r\u001b[34m\u001b[1mtrain: \u001b[0mScanning C:\\Users\\vasco\\OneDrive\\Ambiente de Trabalho\\LEFT\\Neecathon\\YOLO-Drowsiness-Detection\\data\\labels... 0 images, 32 backgrounds, 0 corrupt:  53%|\u2588\u2588\u2588\u2588\u2588\u258e    | 32/60 [00:11<00:07,  3.86it/s]","stderr":true},"type":"standard_output"}
{"payload":{"local_timestamp":1732986436609,"message_id":161,"output":"\r\u001b[34m\u001b[1mtrain: \u001b[0mScanning C:\\Users\\vasco\\OneDrive\\Ambiente de Trabalho\\LEFT\\Neecathon\\YOLO-Drowsiness-Detection\\data\\labels... 0 images, 60 backgrounds, 0 corrupt: 100%|\u2588\u2588\u2588\u2588\u2588\u2588\u2588\u2588\u2588\u2588| 60/60 [00:11<00:00,  5.12it/s]","stderr":true},"type":"standard_output"}
{"payload":{"local_timestamp":1732986436609,"message_id":162,"output":"\n","stderr":true},"type":"standard_output"}
{"payload":{"local_timestamp":1732986436679,"message_id":163,"output":"\u001b[34m\u001b[1mtrain: \u001b[0mWARNING  No labels found in C:\\Users\\vasco\\OneDrive\\Ambiente de Trabalho\\LEFT\\Neecathon\\YOLO-Drowsiness-Detection\\data\\labels.cache. See https://docs.ultralytics.com/yolov5/tutorials/train_custom_data\n","stderr":true},"type":"standard_output"}
{"payload":{"local_timestamp":1732986436692,"message_id":164,"output":"\u001b[34m\u001b[1mtrain: \u001b[0mWARNING  Cache directory C:\\Users\\vasco\\OneDrive\\Ambiente de Trabalho\\LEFT\\Neecathon\\YOLO-Drowsiness-Detection\\data is not writeable: [WinError 183] Cannot create a file when that file already exists: 'C:\\\\Users\\\\vasco\\\\OneDrive\\\\Ambiente de Trabalho\\\\LEFT\\\\Neecathon\\\\YOLO-Drowsiness-Detection\\\\data\\\\labels.cache.npy' -> 'C:\\\\Users\\\\vasco\\\\OneDrive\\\\Ambiente de Trabalho\\\\LEFT\\\\Neecathon\\\\YOLO-Drowsiness-Detection\\\\data\\\\labels.cache'\n","stderr":true},"type":"standard_output"}
{"payload":{"local_timestamp":1732986436693,"message_id":165,"output":"Traceback (most recent call last):\n","stderr":true},"type":"standard_output"}
{"payload":{"local_timestamp":1732986436693,"message_id":166,"output":"  File \"c:\\Users\\vasco\\OneDrive\\Ambiente de Trabalho\\LEFT\\Neecathon\\YOLO-Drowsiness-Detection\\yolov5\\train.py\", line 987, in <module>\n","stderr":true},"type":"standard_output"}
{"payload":{"local_timestamp":1732986436694,"message_id":167,"output":"    ","stderr":true},"type":"standard_output"}
{"payload":{"local_timestamp":1732986436694,"message_id":168,"output":"main(opt)","stderr":true},"type":"standard_output"}
{"payload":{"local_timestamp":1732986436694,"message_id":169,"output":"\n","stderr":true},"type":"standard_output"}
{"payload":{"local_timestamp":1732986436694,"message_id":170,"output":"  File \"c:\\Users\\vasco\\OneDrive\\Ambiente de Trabalho\\LEFT\\Neecathon\\YOLO-Drowsiness-Detection\\yolov5\\train.py\", line 689, in main\n","stderr":true},"type":"standard_output"}
{"payload":{"local_timestamp":1732986436695,"message_id":171,"output":"    ","stderr":true},"type":"standard_output"}
{"payload":{"local_timestamp":1732986436695,"message_id":172,"output":"train(opt.hyp, opt, device, callbacks)","stderr":true},"type":"standard_output"}
{"payload":{"local_timestamp":1732986436695,"message_id":173,"output":"\n","stderr":true},"type":"standard_output"}
{"payload":{"local_timestamp":1732986436695,"message_id":174,"output":"  File \"c:\\Users\\vasco\\OneDrive\\Ambiente de Trabalho\\LEFT\\Neecathon\\YOLO-Drowsiness-Detection\\yolov5\\train.py\", line 285, in train\n","stderr":true},"type":"standard_output"}
{"payload":{"local_timestamp":1732986436696,"message_id":175,"output":"    ","stderr":true},"type":"standard_output"}
{"payload":{"local_timestamp":1732986436696,"message_id":176,"output":"train_loader, dataset = create_dataloader(","stderr":true},"type":"standard_output"}
{"payload":{"local_timestamp":1732986436696,"message_id":177,"output":"\n","stderr":true},"type":"standard_output"}
{"payload":{"local_timestamp":1732986436696,"message_id":178,"output":" ","stderr":true},"type":"standard_output"}
{"payload":{"local_timestamp":1732986436696,"message_id":179,"output":" ","stderr":true},"type":"standard_output"}
{"payload":{"local_timestamp":1732986436696,"message_id":180,"output":" ","stderr":true},"type":"standard_output"}
{"payload":{"local_timestamp":1732986436696,"message_id":181,"output":" ","stderr":true},"type":"standard_output"}
{"payload":{"local_timestamp":1732986436696,"message_id":182,"output":" ","stderr":true},"type":"standard_output"}
{"payload":{"local_timestamp":1732986436696,"message_id":183,"output":" ","stderr":true},"type":"standard_output"}
{"payload":{"local_timestamp":1732986436696,"message_id":184,"output":" ","stderr":true},"type":"standard_output"}
{"payload":{"local_timestamp":1732986436696,"message_id":185,"output":" ","stderr":true},"type":"standard_output"}
{"payload":{"local_timestamp":1732986436696,"message_id":186,"output":" ","stderr":true},"type":"standard_output"}
{"payload":{"local_timestamp":1732986436697,"message_id":187,"output":" ","stderr":true},"type":"standard_output"}
{"payload":{"local_timestamp":1732986436697,"message_id":188,"output":" ","stderr":true},"type":"standard_output"}
{"payload":{"local_timestamp":1732986436697,"message_id":189,"output":" ","stderr":true},"type":"standard_output"}
{"payload":{"local_timestamp":1732986436697,"message_id":190,"output":" ","stderr":true},"type":"standard_output"}
{"payload":{"local_timestamp":1732986436697,"message_id":191,"output":" ","stderr":true},"type":"standard_output"}
{"payload":{"local_timestamp":1732986436697,"message_id":192,"output":" ","stderr":true},"type":"standard_output"}
{"payload":{"local_timestamp":1732986436697,"message_id":193,"output":" ","stderr":true},"type":"standard_output"}
{"payload":{"local_timestamp":1732986436697,"message_id":194,"output":" ","stderr":true},"type":"standard_output"}
{"payload":{"local_timestamp":1732986436697,"message_id":195,"output":" ","stderr":true},"type":"standard_output"}
{"payload":{"local_timestamp":1732986436697,"message_id":196,"output":" ","stderr":true},"type":"standard_output"}
{"payload":{"local_timestamp":1732986436697,"message_id":197,"output":" ","stderr":true},"type":"standard_output"}
{"payload":{"local_timestamp":1732986436698,"message_id":198,"output":" ","stderr":true},"type":"standard_output"}
{"payload":{"local_timestamp":1732986436698,"message_id":199,"output":" ","stderr":true},"type":"standard_output"}
{"payload":{"local_timestamp":1732986436698,"message_id":200,"output":" ","stderr":true},"type":"standard_output"}
{"payload":{"local_timestamp":1732986436698,"message_id":201,"output":" ","stderr":true},"type":"standard_output"}
{"payload":{"local_timestamp":1732986436698,"message_id":202,"output":" ","stderr":true},"type":"standard_output"}
{"payload":{"local_timestamp":1732986436698,"message_id":203,"output":" ","stderr":true},"type":"standard_output"}
{"payload":{"local_timestamp":1732986436698,"message_id":204,"output":" ","stderr":true},"type":"standard_output"}
{"payload":{"local_timestamp":1732986436698,"message_id":205,"output":" ","stderr":true},"type":"standard_output"}
{"payload":{"local_timestamp":1732986436698,"message_id":206,"output":"^","stderr":true},"type":"standard_output"}
{"payload":{"local_timestamp":1732986436698,"message_id":207,"output":"^","stderr":true},"type":"standard_output"}
{"payload":{"local_timestamp":1732986436698,"message_id":208,"output":"^","stderr":true},"type":"standard_output"}
{"payload":{"local_timestamp":1732986436698,"message_id":209,"output":"^","stderr":true},"type":"standard_output"}
{"payload":{"local_timestamp":1732986436698,"message_id":210,"output":"^","stderr":true},"type":"standard_output"}
{"payload":{"local_timestamp":1732986436698,"message_id":211,"output":"^","stderr":true},"type":"standard_output"}
{"payload":{"local_timestamp":1732986436698,"message_id":212,"output":"^","stderr":true},"type":"standard_output"}
{"payload":{"local_timestamp":1732986436698,"message_id":213,"output":"^","stderr":true},"type":"standard_output"}
{"payload":{"local_timestamp":1732986436700,"message_id":214,"output":"^","stderr":true},"type":"standard_output"}
{"payload":{"local_timestamp":1732986436700,"message_id":215,"output":"^","stderr":true},"type":"standard_output"}
{"payload":{"local_timestamp":1732986436700,"message_id":216,"output":"^","stderr":true},"type":"standard_output"}
{"payload":{"local_timestamp":1732986436700,"message_id":217,"output":"^","stderr":true},"type":"standard_output"}
{"payload":{"local_timestamp":1732986436700,"message_id":218,"output":"^","stderr":true},"type":"standard_output"}
{"payload":{"local_timestamp":1732986436700,"message_id":219,"output":"^","stderr":true},"type":"standard_output"}
{"payload":{"local_timestamp":1732986436700,"message_id":220,"output":"^","stderr":true},"type":"standard_output"}
{"payload":{"local_timestamp":1732986436700,"message_id":221,"output":"^","stderr":true},"type":"standard_output"}
{"payload":{"local_timestamp":1732986436700,"message_id":222,"output":"^","stderr":true},"type":"standard_output"}
{"payload":{"local_timestamp":1732986436700,"message_id":223,"output":"^","stderr":true},"type":"standard_output"}
{"payload":{"local_timestamp":1732986436700,"message_id":224,"output":"\n","stderr":true},"type":"standard_output"}
{"payload":{"local_timestamp":1732986436700,"message_id":225,"output":"  File \"c:\\Users\\vasco\\OneDrive\\Ambiente de Trabalho\\LEFT\\Neecathon\\YOLO-Drowsiness-Detection\\yolov5\\utils\\dataloaders.py\", line 184, in create_dataloader\n","stderr":true},"type":"standard_output"}
{"payload":{"local_timestamp":1732986436701,"message_id":226,"output":"    ","stderr":true},"type":"standard_output"}
{"payload":{"local_timestamp":1732986436701,"message_id":227,"output":"dataset = LoadImagesAndLabels(","stderr":true},"type":"standard_output"}
{"payload":{"local_timestamp":1732986436701,"message_id":228,"output":"\n","stderr":true},"type":"standard_output"}
{"payload":{"local_timestamp":1732986436701,"message_id":229,"output":" ","stderr":true},"type":"standard_output"}
{"payload":{"local_timestamp":1732986436701,"message_id":230,"output":" ","stderr":true},"type":"standard_output"}
{"payload":{"local_timestamp":1732986436701,"message_id":231,"output":" ","stderr":true},"type":"standard_output"}
{"payload":{"local_timestamp":1732986436701,"message_id":232,"output":" ","stderr":true},"type":"standard_output"}
{"payload":{"local_timestamp":1732986436701,"message_id":233,"output":" ","stderr":true},"type":"standard_output"}
{"payload":{"local_timestamp":1732986436701,"message_id":234,"output":" ","stderr":true},"type":"standard_output"}
{"payload":{"local_timestamp":1732986436702,"message_id":235,"output":" ","stderr":true},"type":"standard_output"}
{"payload":{"local_timestamp":1732986436702,"message_id":236,"output":" ","stderr":true},"type":"standard_output"}
{"payload":{"local_timestamp":1732986436702,"message_id":237,"output":" ","stderr":true},"type":"standard_output"}
{"payload":{"local_timestamp":1732986436702,"message_id":238,"output":" ","stderr":true},"type":"standard_output"}
{"payload":{"local_timestamp":1732986436702,"message_id":239,"output":" ","stderr":true},"type":"standard_output"}
{"payload":{"local_timestamp":1732986436702,"message_id":240,"output":" ","stderr":true},"type":"standard_output"}
{"payload":{"local_timestamp":1732986436702,"message_id":241,"output":" ","stderr":true},"type":"standard_output"}
{"payload":{"local_timestamp":1732986436702,"message_id":242,"output":" ","stderr":true},"type":"standard_output"}
{"payload":{"local_timestamp":1732986436702,"message_id":243,"output":"^","stderr":true},"type":"standard_output"}
{"payload":{"local_timestamp":1732986436702,"message_id":244,"output":"^","stderr":true},"type":"standard_output"}
{"payload":{"local_timestamp":1732986436703,"message_id":245,"output":"^","stderr":true},"type":"standard_output"}
{"payload":{"local_timestamp":1732986436703,"message_id":246,"output":"^","stderr":true},"type":"standard_output"}
{"payload":{"local_timestamp":1732986436703,"message_id":247,"output":"^","stderr":true},"type":"standard_output"}
{"payload":{"local_timestamp":1732986436703,"message_id":248,"output":"^","stderr":true},"type":"standard_output"}
{"payload":{"local_timestamp":1732986436703,"message_id":249,"output":"^","stderr":true},"type":"standard_output"}
{"payload":{"local_timestamp":1732986436703,"message_id":250,"output":"^","stderr":true},"type":"standard_output"}
{"payload":{"local_timestamp":1732986436703,"message_id":251,"output":"^","stderr":true},"type":"standard_output"}
{"payload":{"local_timestamp":1732986436703,"message_id":252,"output":"^","stderr":true},"type":"standard_output"}
{"payload":{"local_timestamp":1732986436703,"message_id":253,"output":"^","stderr":true},"type":"standard_output"}
{"payload":{"local_timestamp":1732986436703,"message_id":254,"output":"^","stderr":true},"type":"standard_output"}
{"payload":{"local_timestamp":1732986436703,"message_id":255,"output":"^","stderr":true},"type":"standard_output"}
{"payload":{"local_timestamp":1732986436703,"message_id":256,"output":"^","stderr":true},"type":"standard_output"}
{"payload":{"local_timestamp":1732986436703,"message_id":257,"output":"^","stderr":true},"type":"standard_output"}
{"payload":{"local_timestamp":1732986436704,"message_id":258,"output":"^","stderr":true},"type":"standard_output"}
{"payload":{"local_timestamp":1732986436704,"message_id":259,"output":"^","stderr":true},"type":"standard_output"}
{"payload":{"local_timestamp":1732986436705,"message_id":260,"output":"^","stderr":true},"type":"standard_output"}
{"payload":{"local_timestamp":1732986436705,"message_id":261,"output":"^","stderr":true},"type":"standard_output"}
{"payload":{"local_timestamp":1732986436705,"message_id":262,"output":"^","stderr":true},"type":"standard_output"}
{"payload":{"local_timestamp":1732986436705,"message_id":263,"output":"\n","stderr":true},"type":"standard_output"}
{"payload":{"local_timestamp":1732986436705,"message_id":264,"output":"  File \"c:\\Users\\vasco\\OneDrive\\Ambiente de Trabalho\\LEFT\\Neecathon\\YOLO-Drowsiness-Detection\\yolov5\\utils\\dataloaders.py\", line 612, in __init__\n","stderr":true},"type":"standard_output"}
{"payload":{"local_timestamp":1732986436706,"message_id":265,"output":"    ","stderr":true},"type":"standard_output"}
{"payload":{"local_timestamp":1732986436706,"message_id":266,"output":"assert nf > 0 or not augment, f\"{prefix}No labels found in {cache_path}, can not start training. {HELP_URL}\"","stderr":true},"type":"standard_output"}
{"payload":{"local_timestamp":1732986436706,"message_id":267,"output":"\n","stderr":true},"type":"standard_output"}
{"payload":{"local_timestamp":1732986436706,"message_id":268,"output":" ","stderr":true},"type":"standard_output"}
{"payload":{"local_timestamp":1732986436706,"message_id":269,"output":" ","stderr":true},"type":"standard_output"}
{"payload":{"local_timestamp":1732986436706,"message_id":270,"output":" ","stderr":true},"type":"standard_output"}
{"payload":{"local_timestamp":1732986436706,"message_id":271,"output":" ","stderr":true},"type":"standard_output"}
{"payload":{"local_timestamp":1732986436706,"message_id":272,"output":" ","stderr":true},"type":"standard_output"}
{"payload":{"local_timestamp":1732986436706,"message_id":273,"output":" ","stderr":true},"type":"standard_output"}
{"payload":{"local_timestamp":1732986436706,"message_id":274,"output":" ","stderr":true},"type":"standard_output"}
{"payload":{"local_timestamp":1732986436706,"message_id":275,"output":" ","stderr":true},"type":"standard_output"}
{"payload":{"local_timestamp":1732986436706,"message_id":276,"output":" ","stderr":true},"type":"standard_output"}
{"payload":{"local_timestamp":1732986436706,"message_id":277,"output":" ","stderr":true},"type":"standard_output"}
{"payload":{"local_timestamp":1732986436706,"message_id":278,"output":" ","stderr":true},"type":"standard_output"}
{"payload":{"local_timestamp":1732986436707,"message_id":279,"output":"^","stderr":true},"type":"standard_output"}
{"payload":{"local_timestamp":1732986436707,"message_id":280,"output":"^","stderr":true},"type":"standard_output"}
{"payload":{"local_timestamp":1732986436707,"message_id":281,"output":"^","stderr":true},"type":"standard_output"}
{"payload":{"local_timestamp":1732986436707,"message_id":282,"output":"^","stderr":true},"type":"standard_output"}
{"payload":{"local_timestamp":1732986436707,"message_id":283,"output":"^","stderr":true},"type":"standard_output"}
{"payload":{"local_timestamp":1732986436707,"message_id":284,"output":"^","stderr":true},"type":"standard_output"}
{"payload":{"local_timestamp":1732986436707,"message_id":285,"output":"\n","stderr":true},"type":"standard_output"}
{"payload":{"local_timestamp":1732986436707,"message_id":286,"output":"AssertionError","stderr":true},"type":"standard_output"}
{"payload":{"local_timestamp":1732986436707,"message_id":287,"output":": ","stderr":true},"type":"standard_output"}
{"payload":{"local_timestamp":1732986436707,"message_id":288,"output":"\u001b[34m\u001b[1mtrain: \u001b[0mNo labels found in C:\\Users\\vasco\\OneDrive\\Ambiente de Trabalho\\LEFT\\Neecathon\\YOLO-Drowsiness-Detection\\data\\labels.cache, can not start training. See https://docs.ultralytics.com/yolov5/tutorials/train_custom_data","stderr":true},"type":"standard_output"}
{"payload":{"local_timestamp":1732986436707,"message_id":289,"output":"\n","stderr":true},"type":"standard_output"}
{"payload":{"local_timestamp":1732986436708,"message_id":290,"output":"COMET INFO: ---------------------------------------------------------------------------------------\n","stderr":true},"type":"standard_output"}
{"payload":{"local_timestamp":1732986436708,"message_id":291,"output":"COMET INFO: Comet.ml OfflineExperiment Summary\n","stderr":true},"type":"standard_output"}
{"payload":{"local_timestamp":1732986436708,"message_id":292,"output":"COMET INFO: ---------------------------------------------------------------------------------------\n","stderr":true},"type":"standard_output"}
{"payload":{"local_timestamp":1732986436708,"message_id":293,"output":"COMET INFO:   Data:\n","stderr":true},"type":"standard_output"}
{"payload":{"local_timestamp":1732986436708,"message_id":294,"output":"COMET INFO:     display_summary_level : 1\n","stderr":true},"type":"standard_output"}
{"payload":{"local_timestamp":1732986436708,"message_id":295,"output":"COMET INFO:     name                  : exp\n","stderr":true},"type":"standard_output"}
{"payload":{"local_timestamp":1732986436708,"message_id":296,"output":"COMET INFO:     url                   : [OfflineExperiment will get URL after upload]\n","stderr":true},"type":"standard_output"}
{"payload":{"local_timestamp":1732986436709,"message_id":297,"output":"COMET INFO:   Others:\n","stderr":true},"type":"standard_output"}
{"payload":{"local_timestamp":1732986436709,"message_id":298,"output":"COMET INFO:     Created from                : YOLOv5\n","stderr":true},"type":"standard_output"}
{"payload":{"local_timestamp":1732986436709,"message_id":299,"output":"COMET INFO:     Name                        : exp\n","stderr":true},"type":"standard_output"}
{"payload":{"local_timestamp":1732986436709,"message_id":300,"output":"COMET INFO:     comet_log_batch_metrics     : False\n","stderr":true},"type":"standard_output"}
{"payload":{"local_timestamp":1732986436709,"message_id":301,"output":"COMET INFO:     comet_log_confusion_matrix  : True\n","stderr":true},"type":"standard_output"}
{"payload":{"local_timestamp":1732986436710,"message_id":302,"output":"COMET INFO:     comet_log_per_class_metrics : False\n","stderr":true},"type":"standard_output"}
{"payload":{"local_timestamp":1732986436710,"message_id":303,"output":"COMET INFO:     comet_max_image_uploads     : 100\n","stderr":true},"type":"standard_output"}
{"payload":{"local_timestamp":1732986436710,"message_id":304,"output":"COMET INFO:     comet_mode                  : online\n","stderr":true},"type":"standard_output"}
{"payload":{"local_timestamp":1732986436710,"message_id":305,"output":"COMET INFO:     comet_model_name            : yolov5\n","stderr":true},"type":"standard_output"}
{"payload":{"local_timestamp":1732986436710,"message_id":306,"output":"COMET INFO:     hasNestedParams             : True\n","stderr":true},"type":"standard_output"}
{"payload":{"local_timestamp":1732986436710,"message_id":307,"output":"COMET INFO:     offline_experiment          : True\n","stderr":true},"type":"standard_output"}
{"payload":{"local_timestamp":1732986436712,"message_id":308,"output":"COMET INFO:   Parameters:\n","stderr":true},"type":"standard_output"}
{"payload":{"local_timestamp":1732986436712,"message_id":309,"output":"COMET INFO:     anchor_t            : 4.0\n","stderr":true},"type":"standard_output"}
{"payload":{"local_timestamp":1732986436712,"message_id":310,"output":"COMET INFO:     artifact_alias      : latest\n","stderr":true},"type":"standard_output"}
{"payload":{"local_timestamp":1732986436712,"message_id":311,"output":"COMET INFO:     batch_size          : 16\n","stderr":true},"type":"standard_output"}
{"payload":{"local_timestamp":1732986436712,"message_id":312,"output":"COMET INFO:     bbox_interval       : -1\n","stderr":true},"type":"standard_output"}
{"payload":{"local_timestamp":1732986436712,"message_id":313,"output":"COMET INFO:     box                 : 0.05\n","stderr":true},"type":"standard_output"}
{"payload":{"local_timestamp":1732986436713,"message_id":314,"output":"COMET INFO:     bucket              : \n","stderr":true},"type":"standard_output"}
{"payload":{"local_timestamp":1732986436713,"message_id":315,"output":"COMET INFO:     cache               : None\n","stderr":true},"type":"standard_output"}
{"payload":{"local_timestamp":1732986436713,"message_id":316,"output":"COMET INFO:     cfg                 : \n","stderr":true},"type":"standard_output"}
{"payload":{"local_timestamp":1732986436713,"message_id":317,"output":"COMET INFO:     cls                 : 0.5\n","stderr":true},"type":"standard_output"}
{"payload":{"local_timestamp":1732986436713,"message_id":318,"output":"COMET INFO:     cls_pw              : 1.0\n","stderr":true},"type":"standard_output"}
{"payload":{"local_timestamp":1732986436714,"message_id":319,"output":"COMET INFO:     copy_paste          : 0.0\n","stderr":true},"type":"standard_output"}
{"payload":{"local_timestamp":1732986436714,"message_id":320,"output":"COMET INFO:     cos_lr              : False\n","stderr":true},"type":"standard_output"}
{"payload":{"local_timestamp":1732986436714,"message_id":321,"output":"COMET INFO:     degrees             : 0.0\n","stderr":true},"type":"standard_output"}
{"payload":{"local_timestamp":1732986436714,"message_id":322,"output":"COMET INFO:     entity              : None\n","stderr":true},"type":"standard_output"}
{"payload":{"local_timestamp":1732986436714,"message_id":323,"output":"COMET INFO:     evolve              : None\n","stderr":true},"type":"standard_output"}
{"payload":{"local_timestamp":1732986436714,"message_id":324,"output":"COMET INFO:     evolve_population   : data\\hyps\n","stderr":true},"type":"standard_output"}
{"payload":{"local_timestamp":1732986436715,"message_id":325,"output":"COMET INFO:     exist_ok            : False\n","stderr":true},"type":"standard_output"}
{"payload":{"local_timestamp":1732986436715,"message_id":326,"output":"COMET INFO:     fl_gamma            : 0.0\n","stderr":true},"type":"standard_output"}
{"payload":{"local_timestamp":1732986436715,"message_id":327,"output":"COMET INFO:     fliplr              : 0.5\n","stderr":true},"type":"standard_output"}
{"payload":{"local_timestamp":1732986436715,"message_id":328,"output":"COMET INFO:     flipud              : 0.0\n","stderr":true},"type":"standard_output"}
{"payload":{"local_timestamp":1732986436715,"message_id":329,"output":"COMET INFO:     freeze              : [0]\n","stderr":true},"type":"standard_output"}
{"payload":{"local_timestamp":1732986436715,"message_id":330,"output":"COMET INFO:     hsv_h               : 0.015\n","stderr":true},"type":"standard_output"}
{"payload":{"local_timestamp":1732986436715,"message_id":331,"output":"COMET INFO:     hsv_s               : 0.7\n","stderr":true},"type":"standard_output"}
{"payload":{"local_timestamp":1732986436715,"message_id":332,"output":"COMET INFO:     hsv_v               : 0.4\n","stderr":true},"type":"standard_output"}
{"payload":{"local_timestamp":1732986436717,"message_id":333,"output":"COMET INFO:     hyp|anchor_t        : 4.0\n","stderr":true},"type":"standard_output"}
{"payload":{"local_timestamp":1732986436717,"message_id":334,"output":"COMET INFO:     hyp|box             : 0.05\n","stderr":true},"type":"standard_output"}
{"payload":{"local_timestamp":1732986436717,"message_id":335,"output":"COMET INFO:     hyp|cls             : 0.5\n","stderr":true},"type":"standard_output"}
{"payload":{"local_timestamp":1732986436717,"message_id":336,"output":"COMET INFO:     hyp|cls_pw          : 1.0\n","stderr":true},"type":"standard_output"}
{"payload":{"local_timestamp":1732986436717,"message_id":337,"output":"COMET INFO:     hyp|copy_paste      : 0.0\n","stderr":true},"type":"standard_output"}
{"payload":{"local_timestamp":1732986436717,"message_id":338,"output":"COMET INFO:     hyp|degrees         : 0.0\n","stderr":true},"type":"standard_output"}
{"payload":{"local_timestamp":1732986436718,"message_id":339,"output":"COMET INFO:     hyp|fl_gamma        : 0.0\n","stderr":true},"type":"standard_output"}
{"payload":{"local_timestamp":1732986436718,"message_id":340,"output":"COMET INFO:     hyp|fliplr          : 0.5\n","stderr":true},"type":"standard_output"}
{"payload":{"local_timestamp":1732986436718,"message_id":341,"output":"COMET INFO:     hyp|flipud          : 0.0\n","stderr":true},"type":"standard_output"}
{"payload":{"local_timestamp":1732986436718,"message_id":342,"output":"COMET INFO:     hyp|hsv_h           : 0.015\n","stderr":true},"type":"standard_output"}
{"payload":{"local_timestamp":1732986436718,"message_id":343,"output":"COMET INFO:     hyp|hsv_s           : 0.7\n","stderr":true},"type":"standard_output"}
{"payload":{"local_timestamp":1732986436718,"message_id":344,"output":"COMET INFO:     hyp|hsv_v           : 0.4\n","stderr":true},"type":"standard_output"}
{"payload":{"local_timestamp":1732986436719,"message_id":345,"output":"COMET INFO:     hyp|iou_t           : 0.2\n","stderr":true},"type":"standard_output"}
{"payload":{"local_timestamp":1732986436719,"message_id":346,"output":"COMET INFO:     hyp|lr0             : 0.01\n","stderr":true},"type":"standard_output"}
{"payload":{"local_timestamp":1732986436719,"message_id":347,"output":"COMET INFO:     hyp|lrf             : 0.01\n","stderr":true},"type":"standard_output"}
{"payload":{"local_timestamp":1732986436719,"message_id":348,"output":"COMET INFO:     hyp|mixup           : 0.0\n","stderr":true},"type":"standard_output"}
{"payload":{"local_timestamp":1732986436719,"message_id":349,"output":"COMET INFO:     hyp|momentum        : 0.937\n","stderr":true},"type":"standard_output"}
{"payload":{"local_timestamp":1732986436719,"message_id":350,"output":"COMET INFO:     hyp|mosaic          : 1.0\n","stderr":true},"type":"standard_output"}
{"payload":{"local_timestamp":1732986436721,"message_id":351,"output":"COMET INFO:     hyp|obj             : 1.0\n","stderr":true},"type":"standard_output"}
{"payload":{"local_timestamp":1732986436721,"message_id":352,"output":"COMET INFO:     hyp|obj_pw          : 1.0\n","stderr":true},"type":"standard_output"}
{"payload":{"local_timestamp":1732986436721,"message_id":353,"output":"COMET INFO:     hyp|perspective     : 0.0\n","stderr":true},"type":"standard_output"}
{"payload":{"local_timestamp":1732986436721,"message_id":354,"output":"COMET INFO:     hyp|scale           : 0.5\n","stderr":true},"type":"standard_output"}
{"payload":{"local_timestamp":1732986436721,"message_id":355,"output":"COMET INFO:     hyp|shear           : 0.0\n","stderr":true},"type":"standard_output"}
{"payload":{"local_timestamp":1732986436721,"message_id":356,"output":"COMET INFO:     hyp|translate       : 0.1\n","stderr":true},"type":"standard_output"}
{"payload":{"local_timestamp":1732986436722,"message_id":357,"output":"COMET INFO:     hyp|warmup_bias_lr  : 0.1\n","stderr":true},"type":"standard_output"}
{"payload":{"local_timestamp":1732986436722,"message_id":358,"output":"COMET INFO:     hyp|warmup_epochs   : 3.0\n","stderr":true},"type":"standard_output"}
{"payload":{"local_timestamp":1732986436722,"message_id":359,"output":"COMET INFO:     hyp|warmup_momentum : 0.8\n","stderr":true},"type":"standard_output"}
{"payload":{"local_timestamp":1732986436722,"message_id":360,"output":"COMET INFO:     hyp|weight_decay    : 0.0005\n","stderr":true},"type":"standard_output"}
{"payload":{"local_timestamp":1732986436722,"message_id":361,"output":"COMET INFO:     image_weights       : False\n","stderr":true},"type":"standard_output"}
{"payload":{"local_timestamp":1732986436723,"message_id":362,"output":"COMET INFO:     imgsz               : 320\n","stderr":true},"type":"standard_output"}
{"payload":{"local_timestamp":1732986436723,"message_id":363,"output":"COMET INFO:     iou_t               : 0.2\n","stderr":true},"type":"standard_output"}
{"payload":{"local_timestamp":1732986436723,"message_id":364,"output":"COMET INFO:     label_smoothing     : 0.0\n","stderr":true},"type":"standard_output"}
{"payload":{"local_timestamp":1732986436723,"message_id":365,"output":"COMET INFO:     local_rank          : -1\n","stderr":true},"type":"standard_output"}
{"payload":{"local_timestamp":1732986436723,"message_id":366,"output":"COMET INFO:     lr0                 : 0.01\n","stderr":true},"type":"standard_output"}
{"payload":{"local_timestamp":1732986436724,"message_id":367,"output":"COMET INFO:     lrf                 : 0.01\n","stderr":true},"type":"standard_output"}
{"payload":{"local_timestamp":1732986436724,"message_id":368,"output":"COMET INFO:     mixup               : 0.0\n","stderr":true},"type":"standard_output"}
{"payload":{"local_timestamp":1732986436724,"message_id":369,"output":"COMET INFO:     momentum            : 0.937\n","stderr":true},"type":"standard_output"}
{"payload":{"local_timestamp":1732986436724,"message_id":370,"output":"COMET INFO:     mosaic              : 1.0\n","stderr":true},"type":"standard_output"}
{"payload":{"local_timestamp":1732986436724,"message_id":371,"output":"COMET INFO:     multi_scale         : False\n","stderr":true},"type":"standard_output"}
{"payload":{"local_timestamp":1732986436724,"message_id":372,"output":"COMET INFO:     name                : exp\n","stderr":true},"type":"standard_output"}
{"payload":{"local_timestamp":1732986436725,"message_id":373,"output":"COMET INFO:     ndjson_console      : False\n","stderr":true},"type":"standard_output"}
{"payload":{"local_timestamp":1732986436725,"message_id":374,"output":"COMET INFO:     ndjson_file         : False\n","stderr":true},"type":"standard_output"}
{"payload":{"local_timestamp":1732986436725,"message_id":375,"output":"COMET INFO:     noautoanchor        : False\n","stderr":true},"type":"standard_output"}
{"payload":{"local_timestamp":1732986436725,"message_id":376,"output":"COMET INFO:     noplots             : False\n","stderr":true},"type":"standard_output"}
{"payload":{"local_timestamp":1732986436725,"message_id":377,"output":"COMET INFO:     nosave              : False\n","stderr":true},"type":"standard_output"}
{"payload":{"local_timestamp":1732986436726,"message_id":378,"output":"COMET INFO:     noval               : False\n","stderr":true},"type":"standard_output"}
{"payload":{"local_timestamp":1732986436726,"message_id":379,"output":"COMET INFO:     obj                 : 1.0\n","stderr":true},"type":"standard_output"}
{"payload":{"local_timestamp":1732986436726,"message_id":380,"output":"COMET INFO:     obj_pw              : 1.0\n","stderr":true},"type":"standard_output"}
{"payload":{"local_timestamp":1732986436726,"message_id":381,"output":"COMET INFO:     optimizer           : SGD\n","stderr":true},"type":"standard_output"}
{"payload":{"local_timestamp":1732986436726,"message_id":382,"output":"COMET INFO:     patience            : 100\n","stderr":true},"type":"standard_output"}
{"payload":{"local_timestamp":1732986436726,"message_id":383,"output":"COMET INFO:     perspective         : 0.0\n","stderr":true},"type":"standard_output"}
{"payload":{"local_timestamp":1732986436726,"message_id":384,"output":"COMET INFO:     project             : runs\\train\n","stderr":true},"type":"standard_output"}
{"payload":{"local_timestamp":1732986436727,"message_id":385,"output":"COMET INFO:     quad                : False\n","stderr":true},"type":"standard_output"}
{"payload":{"local_timestamp":1732986436727,"message_id":386,"output":"COMET INFO:     rect                : False\n","stderr":true},"type":"standard_output"}
{"payload":{"local_timestamp":1732986436727,"message_id":387,"output":"COMET INFO:     resume              : False\n","stderr":true},"type":"standard_output"}
{"payload":{"local_timestamp":1732986436727,"message_id":388,"output":"COMET INFO:     resume_evolve       : None\n","stderr":true},"type":"standard_output"}
{"payload":{"local_timestamp":1732986436727,"message_id":389,"output":"COMET INFO:     save_dir            : runs\\train\\exp6\n","stderr":true},"type":"standard_output"}
{"payload":{"local_timestamp":1732986436727,"message_id":390,"output":"COMET INFO:     save_period         : -1\n","stderr":true},"type":"standard_output"}
{"payload":{"local_timestamp":1732986436727,"message_id":391,"output":"COMET INFO:     scale               : 0.5\n","stderr":true},"type":"standard_output"}
{"payload":{"local_timestamp":1732986436729,"message_id":392,"output":"COMET INFO:     seed                : 0\n","stderr":true},"type":"standard_output"}
{"payload":{"local_timestamp":1732986436729,"message_id":393,"output":"COMET INFO:     shear               : 0.0\n","stderr":true},"type":"standard_output"}
{"payload":{"local_timestamp":1732986436729,"message_id":394,"output":"COMET INFO:     single_cls          : False\n","stderr":true},"type":"standard_output"}
{"payload":{"local_timestamp":1732986436729,"message_id":395,"output":"COMET INFO:     sync_bn             : False\n","stderr":true},"type":"standard_output"}
{"payload":{"local_timestamp":1732986436730,"message_id":396,"output":"COMET INFO:     translate           : 0.1\n","stderr":true},"type":"standard_output"}
{"payload":{"local_timestamp":1732986436730,"message_id":397,"output":"COMET INFO:     upload_dataset      : False\n","stderr":true},"type":"standard_output"}
{"payload":{"local_timestamp":1732986436730,"message_id":398,"output":"COMET INFO:     val_conf_threshold  : 0.001\n","stderr":true},"type":"standard_output"}
{"payload":{"local_timestamp":1732986436730,"message_id":399,"output":"COMET INFO:     val_iou_threshold   : 0.6\n","stderr":true},"type":"standard_output"}
{"payload":{"local_timestamp":1732986436730,"message_id":400,"output":"COMET INFO:     warmup_bias_lr      : 0.1\n","stderr":true},"type":"standard_output"}
{"payload":{"local_timestamp":1732986436731,"message_id":401,"output":"COMET INFO:     warmup_epochs       : 3.0\n","stderr":true},"type":"standard_output"}
{"payload":{"local_timestamp":1732986436731,"message_id":402,"output":"COMET INFO:     warmup_momentum     : 0.8\n","stderr":true},"type":"standard_output"}
{"payload":{"local_timestamp":1732986436731,"message_id":403,"output":"COMET INFO:     weight_decay        : 0.0005\n","stderr":true},"type":"standard_output"}
{"payload":{"local_timestamp":1732986436731,"message_id":404,"output":"COMET INFO:   Uploads:\n","stderr":true},"type":"standard_output"}
{"payload":{"local_timestamp":1732986436731,"message_id":405,"output":"COMET INFO:     asset               : 3 (1.67 KB)\n","stderr":true},"type":"standard_output"}
{"payload":{"local_timestamp":1732986436731,"message_id":406,"output":"COMET INFO:     environment details : 1\n","stderr":true},"type":"standard_output"}
{"payload":{"local_timestamp":1732986436732,"message_id":407,"output":"COMET INFO:     git metadata        : 1\n","stderr":true},"type":"standard_output"}
{"payload":{"local_timestamp":1732986436732,"message_id":408,"output":"COMET INFO:     installed packages  : 1\n","stderr":true},"type":"standard_output"}
{"payload":{"local_timestamp":1732986436732,"message_id":409,"output":"COMET INFO: \n","stderr":true},"type":"standard_output"}
