{"payload":{"installed_packages":["asgiref==3.8.1","astroid==2.12.13","asttokens==2.4.1","attrs==24.2.0","autocommand==2.2.2","backports.tarfile==1.2.0","bcrypt==4.0.1","beautifulsoup4==4.12.3","capstone==5.0.1","certifi==2023.11.17","cffi==1.16.0","charset-normalizer==3.3.2","colorama==0.4.6","colored-traceback==0.3.0","comet-ml==3.47.4","comm==0.2.2","configobj==5.0.9","contourpy==1.2.0","coverage==7.0.5","cryptography==41.0.5","cycler==0.12.1","debugpy==1.8.1","decorator==5.1.1","dill==0.3.6","django==5.1.1","django-cors-headers==4.4.0","djangorestframework==3.15.2","dulwich==0.22.6","et-xmlfile==1.1.0","everett==3.1.0","executing==2.0.1","filelock==3.14.0","fonttools==4.44.3","fsspec==2024.10.0","gdown==5.2.0","gitdb==4.0.11","gitpython==3.1.43","google==3.0.0","httplib2==0.21.0","idna==3.4","importlib_metadata==8.0.0","inflect==7.3.1","intervaltree==3.1.0","ipykernel==6.29.4","ipython==8.24.0","isort==5.11.1","jaraco.collections==5.1.0","jaraco.context==5.3.0","jaraco.functools==4.0.1","jaraco.text==3.12.1","jedi==0.19.1","jinja2==3.1.4","joblib==1.4.2","jsonschema==4.23.0","jsonschema-specifications==2024.10.1","jupyter_client==8.6.2","jupyter_core==5.7.2","kiwisolver==1.4.5","lazy-object-proxy==1.8.0","lizard==1.17.10","lxml==5.3.0","mako==1.3.0","markdown-it-py==3.0.0","markupsafe==2.1.3","matplotlib==3.8.1","matplotlib-inline==0.1.7","mccabe==0.7.0","mdurl==0.1.2","more-itertools==10.3.0","mpmath==1.3.0","nest-asyncio==1.6.0","networkx==3.2.1","npm==0.1.1","npx==0.1.6","numpy==1.26.2","opencv-python==4.10.0.84","openpyxl==3.1.5","optional-django==0.3.0","packaging==23.2","packaging==24.2","pandas==2.2.2","paramiko==3.3.1","parso==0.8.4","pillow==11.0.0","pip==24.3.1","plantuml==0.3.0","platformdirs==2.6.0","platformdirs==4.2.2","plumbum==1.8.2","ply==3.11","prompt-toolkit==3.0.43","psutil==5.9.6","pure-eval==0.2.2","pwn==1.0","pwntools==4.11.1","py-cpuinfo==9.0.0","pycparser==2.21","pycryptodome==3.19.0","pyelftools==0.30","pygame==2.5.2","pygments==2.17.2","pylint==2.15.8","pynacl==1.5.0","pyparsing==3.0.9","pyqt5==5.15.11","pyqt5-qt5==5.15.2","pyqt5_sip==12.15.0","pyserial==3.5","pysocks==1.7.1","python-box==6.1.0","python-dateutil==2.8.2","pytz==2024.2","pywin32==306","pyyaml==6.0.2","pyzmq==26.0.3","react==4.3.0","referencing==0.35.1","requests==2.32.3","requests-toolbelt==1.0.0","rich==13.9.4","ropgadget==7.4","rpds-py==0.21.0","rpyc==5.3.1","scikit-learn==1.5.2","scipy==1.11.3","seaborn==0.13.2","semantic-version==2.10.0","sentry-sdk==2.19.0","setuptools==75.6.0","simplejson==3.19.3","six==1.16.0","smmap==5.0.1","sortedcontainers==2.4.0","soupsieve==2.5","spicy==0.16.0","sqlparse==0.5.1","stack-data==0.6.3","sympy==1.13.1","thop==0.1.1-2209072238","threadpoolctl==3.5.0","tk==0.1.0","tomli==2.0.1","tomlkit==0.11.6","torch==2.5.1","torchaudio==2.5.1","torchvision==0.20.1","tornado==6.4","tqdm==4.66.4","traitlets==5.14.3","typeguard==4.3.0","typing_extensions==4.12.0","typing_extensions==4.12.2","tzdata==2024.1","ultralytics==8.3.39","ultralytics-thop==2.0.12","unicorn==2.0.1.post1","urllib3==2.1.0","wcwidth==0.2.13","wheel==0.43.0","wrapt==1.14.1","wurlitzer==3.1.1","zipp==3.19.2"],"message_id":1},"type":"installed_packages"}
{"payload":{"command":["train.py","--img","320","--batch","16","--epochs","2","--data","dataset.yml","--weights","yolov5s.pt","--workers","2","--device","cpu"],"env":null,"hostname":"Vasco_Pires","ip":"172.20.199.137","machine":"AMD64","message_id":2,"os":"Windows-10-10.0.22631-SP0","os_release":"10","os_type":"Windows","pid":23676,"processor":"AMD64 Family 25 Model 80 Stepping 0, AuthenticAMD","python_exe":"c:\\Users\\vasco\\AppData\\Local\\Programs\\Python\\Python311\\python.exe","python_version":"3.11.1","python_version_verbose":"3.11.1 (tags/v3.11.1:a7a450f, Dec  6 2022, 19:58:39) [MSC v.1934 64 bit (AMD64)]","user":"vasco"},"type":"system_details"}
{"payload":{"gpu_static_info":[{"gpu_index":0,"name":"NVIDIA GeForce RTX 3070 Laptop GPU","power_limit":115000,"total_memory":8589934592,"uuid":"GPU-e20ba81b-e186-736f-2cf7-74a54d9a3bce"}],"message_id":3},"type":"gpu_static_info"}
{"payload":{"local_timestamp":1732985478277,"message_id":4,"metric":{"epoch":null,"metricName":"sys.gpu.0.total_memory","metricValue":8589934592,"step":null}},"type":"metric_msg"}
{"payload":{"local_timestamp":1732985478280,"message_id":5,"param":{"paramName":"img","paramValue":320,"source":"cli","step":null}},"type":"parameter_msg"}
{"payload":{"local_timestamp":1732985478281,"message_id":6,"param":{"paramName":"batch","paramValue":16,"source":"cli","step":null}},"type":"parameter_msg"}
{"payload":{"local_timestamp":1732985478281,"message_id":7,"param":{"paramName":"epochs","paramValue":2,"source":"cli","step":null}},"type":"parameter_msg"}
{"payload":{"local_timestamp":1732985478281,"message_id":8,"param":{"paramName":"data","paramValue":"dataset.yml","source":"cli","step":null}},"type":"parameter_msg"}
{"payload":{"local_timestamp":1732985478281,"message_id":9,"param":{"paramName":"weights","paramValue":"yolov5s.pt","source":"cli","step":null}},"type":"parameter_msg"}
{"payload":{"local_timestamp":1732985478281,"message_id":10,"param":{"paramName":"workers","paramValue":2,"source":"cli","step":null}},"type":"parameter_msg"}
{"payload":{"local_timestamp":1732985478281,"message_id":11,"param":{"paramName":"device","paramValue":"cpu","source":"cli","step":null}},"type":"parameter_msg"}
{"payload":{"key":"offline_experiment","message_id":12,"value":true},"type":"log_other"}
{"payload":{"key":"Name","message_id":13,"value":"exp"},"type":"log_other"}
{"payload":{"additional_params":{"assetId":"5d876b34cb9f463780ee1eb11ed26df2","context":null,"extension":"yml","fileName":"dataset.yml","overwrite":false,"runId":null,"step":null},"clean":true,"file_path":"tmpr48ohgfp","local_timestamp":1732985478292,"message_id":14,"metadata":{"type":"data-config-file"},"upload_type":"asset"},"type":"file_upload"}
{"payload":{"key":"Created from","message_id":15,"value":"YOLOv5"},"type":"log_other"}
{"payload":{"key":"hasNestedParams","message_id":16,"value":true},"type":"log_other"}
{"payload":{"local_timestamp":1732985478310,"message_id":17,"param":{"paramName":"artifact_alias","paramValue":"latest","source":"manual","step":null}},"type":"parameter_msg"}
{"payload":{"local_timestamp":1732985478310,"message_id":18,"param":{"paramName":"batch_size","paramValue":16,"source":"manual","step":null}},"type":"parameter_msg"}
{"payload":{"local_timestamp":1732985478310,"message_id":19,"param":{"paramName":"bbox_interval","paramValue":-1,"source":"manual","step":null}},"type":"parameter_msg"}
{"payload":{"local_timestamp":1732985478310,"message_id":20,"param":{"paramName":"bucket","paramValue":"","source":"manual","step":null}},"type":"parameter_msg"}
{"payload":{"local_timestamp":1732985478310,"message_id":21,"param":{"paramName":"cache","paramValue":null,"source":"manual","step":null}},"type":"parameter_msg"}
{"payload":{"local_timestamp":1732985478310,"message_id":22,"param":{"paramName":"cfg","paramValue":"","source":"manual","step":null}},"type":"parameter_msg"}
{"payload":{"local_timestamp":1732985478310,"message_id":23,"param":{"paramName":"cos_lr","paramValue":false,"source":"manual","step":null}},"type":"parameter_msg"}
{"payload":{"local_timestamp":1732985478313,"message_id":24,"param":{"paramName":"entity","paramValue":null,"source":"manual","step":null}},"type":"parameter_msg"}
{"payload":{"local_timestamp":1732985478313,"message_id":25,"param":{"paramName":"evolve","paramValue":null,"source":"manual","step":null}},"type":"parameter_msg"}
{"payload":{"local_timestamp":1732985478313,"message_id":26,"param":{"paramName":"evolve_population","paramValue":"data\\hyps","source":"manual","step":null}},"type":"parameter_msg"}
{"payload":{"local_timestamp":1732985478313,"message_id":27,"param":{"paramName":"exist_ok","paramValue":false,"source":"manual","step":null}},"type":"parameter_msg"}
{"payload":{"local_timestamp":1732985478313,"message_id":28,"params":{"paramName":"freeze","paramValue":[0],"source":"manual","step":null}},"type":"parameter_msg"}
{"payload":{"local_timestamp":1732985478313,"message_id":29,"param":{"paramName":"hyp|anchor_t","paramValue":4.0,"source":"manual","step":null}},"type":"parameter_msg"}
{"payload":{"local_timestamp":1732985478313,"message_id":30,"param":{"paramName":"hyp|box","paramValue":0.05,"source":"manual","step":null}},"type":"parameter_msg"}
{"payload":{"local_timestamp":1732985478313,"message_id":31,"param":{"paramName":"hyp|cls","paramValue":0.5,"source":"manual","step":null}},"type":"parameter_msg"}
{"payload":{"local_timestamp":1732985478313,"message_id":32,"param":{"paramName":"hyp|cls_pw","paramValue":1.0,"source":"manual","step":null}},"type":"parameter_msg"}
{"payload":{"local_timestamp":1732985478313,"message_id":33,"param":{"paramName":"hyp|copy_paste","paramValue":0.0,"source":"manual","step":null}},"type":"parameter_msg"}
{"payload":{"local_timestamp":1732985478313,"message_id":34,"param":{"paramName":"hyp|degrees","paramValue":0.0,"source":"manual","step":null}},"type":"parameter_msg"}
{"payload":{"local_timestamp":1732985478313,"message_id":35,"param":{"paramName":"hyp|fl_gamma","paramValue":0.0,"source":"manual","step":null}},"type":"parameter_msg"}
{"payload":{"local_timestamp":1732985478313,"message_id":36,"param":{"paramName":"hyp|fliplr","paramValue":0.5,"source":"manual","step":null}},"type":"parameter_msg"}
{"payload":{"local_timestamp":1732985478313,"message_id":37,"param":{"paramName":"hyp|flipud","paramValue":0.0,"source":"manual","step":null}},"type":"parameter_msg"}
{"payload":{"local_timestamp":1732985478313,"message_id":38,"param":{"paramName":"hyp|hsv_h","paramValue":0.015,"source":"manual","step":null}},"type":"parameter_msg"}
{"payload":{"local_timestamp":1732985478313,"message_id":39,"param":{"paramName":"hyp|hsv_s","paramValue":0.7,"source":"manual","step":null}},"type":"parameter_msg"}
{"payload":{"local_timestamp":1732985478313,"message_id":40,"param":{"paramName":"hyp|hsv_v","paramValue":0.4,"source":"manual","step":null}},"type":"parameter_msg"}
{"payload":{"local_timestamp":1732985478313,"message_id":41,"param":{"paramName":"hyp|iou_t","paramValue":0.2,"source":"manual","step":null}},"type":"parameter_msg"}
{"payload":{"local_timestamp":1732985478313,"message_id":42,"param":{"paramName":"hyp|lr0","paramValue":0.01,"source":"manual","step":null}},"type":"parameter_msg"}
{"payload":{"local_timestamp":1732985478313,"message_id":43,"param":{"paramName":"hyp|lrf","paramValue":0.01,"source":"manual","step":null}},"type":"parameter_msg"}
{"payload":{"local_timestamp":1732985478313,"message_id":44,"param":{"paramName":"hyp|mixup","paramValue":0.0,"source":"manual","step":null}},"type":"parameter_msg"}
{"payload":{"local_timestamp":1732985478313,"message_id":45,"param":{"paramName":"hyp|momentum","paramValue":0.937,"source":"manual","step":null}},"type":"parameter_msg"}
{"payload":{"local_timestamp":1732985478313,"message_id":46,"param":{"paramName":"hyp|mosaic","paramValue":1.0,"source":"manual","step":null}},"type":"parameter_msg"}
{"payload":{"local_timestamp":1732985478313,"message_id":47,"param":{"paramName":"hyp|obj","paramValue":1.0,"source":"manual","step":null}},"type":"parameter_msg"}
{"payload":{"local_timestamp":1732985478313,"message_id":48,"param":{"paramName":"hyp|obj_pw","paramValue":1.0,"source":"manual","step":null}},"type":"parameter_msg"}
{"payload":{"local_timestamp":1732985478314,"message_id":49,"param":{"paramName":"hyp|perspective","paramValue":0.0,"source":"manual","step":null}},"type":"parameter_msg"}
{"payload":{"local_timestamp":1732985478314,"message_id":50,"param":{"paramName":"hyp|scale","paramValue":0.5,"source":"manual","step":null}},"type":"parameter_msg"}
{"payload":{"local_timestamp":1732985478314,"message_id":51,"param":{"paramName":"hyp|shear","paramValue":0.0,"source":"manual","step":null}},"type":"parameter_msg"}
{"payload":{"local_timestamp":1732985478314,"message_id":52,"param":{"paramName":"hyp|translate","paramValue":0.1,"source":"manual","step":null}},"type":"parameter_msg"}
{"payload":{"local_timestamp":1732985478314,"message_id":53,"param":{"paramName":"hyp|warmup_bias_lr","paramValue":0.1,"source":"manual","step":null}},"type":"parameter_msg"}
{"payload":{"local_timestamp":1732985478314,"message_id":54,"param":{"paramName":"hyp|warmup_epochs","paramValue":3.0,"source":"manual","step":null}},"type":"parameter_msg"}
{"payload":{"local_timestamp":1732985478315,"message_id":55,"param":{"paramName":"hyp|warmup_momentum","paramValue":0.8,"source":"manual","step":null}},"type":"parameter_msg"}
{"payload":{"local_timestamp":1732985478315,"message_id":56,"param":{"paramName":"hyp|weight_decay","paramValue":0.0005,"source":"manual","step":null}},"type":"parameter_msg"}
{"payload":{"local_timestamp":1732985478315,"message_id":57,"param":{"paramName":"image_weights","paramValue":false,"source":"manual","step":null}},"type":"parameter_msg"}
{"payload":{"local_timestamp":1732985478315,"message_id":58,"param":{"paramName":"imgsz","paramValue":320,"source":"manual","step":null}},"type":"parameter_msg"}
{"payload":{"local_timestamp":1732985478315,"message_id":59,"param":{"paramName":"label_smoothing","paramValue":0.0,"source":"manual","step":null}},"type":"parameter_msg"}
{"payload":{"local_timestamp":1732985478315,"message_id":60,"param":{"paramName":"local_rank","paramValue":-1,"source":"manual","step":null}},"type":"parameter_msg"}
{"payload":{"local_timestamp":1732985478315,"message_id":61,"param":{"paramName":"multi_scale","paramValue":false,"source":"manual","step":null}},"type":"parameter_msg"}
{"payload":{"local_timestamp":1732985478315,"message_id":62,"param":{"paramName":"name","paramValue":"exp","source":"manual","step":null}},"type":"parameter_msg"}
{"payload":{"local_timestamp":1732985478315,"message_id":63,"param":{"paramName":"ndjson_console","paramValue":false,"source":"manual","step":null}},"type":"parameter_msg"}
{"payload":{"local_timestamp":1732985478315,"message_id":64,"param":{"paramName":"ndjson_file","paramValue":false,"source":"manual","step":null}},"type":"parameter_msg"}
{"payload":{"local_timestamp":1732985478315,"message_id":65,"param":{"paramName":"noautoanchor","paramValue":false,"source":"manual","step":null}},"type":"parameter_msg"}
{"payload":{"local_timestamp":1732985478315,"message_id":66,"param":{"paramName":"noplots","paramValue":false,"source":"manual","step":null}},"type":"parameter_msg"}
{"payload":{"local_timestamp":1732985478315,"message_id":67,"param":{"paramName":"nosave","paramValue":false,"source":"manual","step":null}},"type":"parameter_msg"}
{"payload":{"local_timestamp":1732985478315,"message_id":68,"param":{"paramName":"noval","paramValue":false,"source":"manual","step":null}},"type":"parameter_msg"}
{"payload":{"local_timestamp":1732985478315,"message_id":69,"param":{"paramName":"optimizer","paramValue":"SGD","source":"manual","step":null}},"type":"parameter_msg"}
{"payload":{"local_timestamp":1732985478315,"message_id":70,"param":{"paramName":"patience","paramValue":100,"source":"manual","step":null}},"type":"parameter_msg"}
{"payload":{"local_timestamp":1732985478315,"message_id":71,"param":{"paramName":"project","paramValue":"runs\\train","source":"manual","step":null}},"type":"parameter_msg"}
{"payload":{"local_timestamp":1732985478315,"message_id":72,"param":{"paramName":"quad","paramValue":false,"source":"manual","step":null}},"type":"parameter_msg"}
{"payload":{"local_timestamp":1732985478315,"message_id":73,"param":{"paramName":"rect","paramValue":false,"source":"manual","step":null}},"type":"parameter_msg"}
{"payload":{"local_timestamp":1732985478315,"message_id":74,"param":{"paramName":"resume","paramValue":false,"source":"manual","step":null}},"type":"parameter_msg"}
{"payload":{"local_timestamp":1732985478315,"message_id":75,"param":{"paramName":"resume_evolve","paramValue":null,"source":"manual","step":null}},"type":"parameter_msg"}
{"payload":{"local_timestamp":1732985478315,"message_id":76,"param":{"paramName":"save_dir","paramValue":"runs\\train\\exp5","source":"manual","step":null}},"type":"parameter_msg"}
{"payload":{"local_timestamp":1732985478315,"message_id":77,"param":{"paramName":"save_period","paramValue":-1,"source":"manual","step":null}},"type":"parameter_msg"}
{"payload":{"local_timestamp":1732985478315,"message_id":78,"param":{"paramName":"seed","paramValue":0,"source":"manual","step":null}},"type":"parameter_msg"}
{"payload":{"local_timestamp":1732985478315,"message_id":79,"param":{"paramName":"single_cls","paramValue":false,"source":"manual","step":null}},"type":"parameter_msg"}
{"payload":{"local_timestamp":1732985478315,"message_id":80,"param":{"paramName":"sync_bn","paramValue":false,"source":"manual","step":null}},"type":"parameter_msg"}
{"payload":{"local_timestamp":1732985478315,"message_id":81,"param":{"paramName":"upload_dataset","paramValue":false,"source":"manual","step":null}},"type":"parameter_msg"}
{"payload":{"local_timestamp":1732985478316,"message_id":82,"param":{"paramName":"anchor_t","paramValue":4.0,"source":"manual","step":null}},"type":"parameter_msg"}
{"payload":{"local_timestamp":1732985478316,"message_id":83,"param":{"paramName":"box","paramValue":0.05,"source":"manual","step":null}},"type":"parameter_msg"}
{"payload":{"local_timestamp":1732985478316,"message_id":84,"param":{"paramName":"cls","paramValue":0.5,"source":"manual","step":null}},"type":"parameter_msg"}
{"payload":{"local_timestamp":1732985478316,"message_id":85,"param":{"paramName":"cls_pw","paramValue":1.0,"source":"manual","step":null}},"type":"parameter_msg"}
{"payload":{"local_timestamp":1732985478316,"message_id":86,"param":{"paramName":"copy_paste","paramValue":0.0,"source":"manual","step":null}},"type":"parameter_msg"}
{"payload":{"local_timestamp":1732985478316,"message_id":87,"param":{"paramName":"degrees","paramValue":0.0,"source":"manual","step":null}},"type":"parameter_msg"}
{"payload":{"local_timestamp":1732985478316,"message_id":88,"param":{"paramName":"fl_gamma","paramValue":0.0,"source":"manual","step":null}},"type":"parameter_msg"}
{"payload":{"local_timestamp":1732985478316,"message_id":89,"param":{"paramName":"fliplr","paramValue":0.5,"source":"manual","step":null}},"type":"parameter_msg"}
{"payload":{"local_timestamp":1732985478316,"message_id":90,"param":{"paramName":"flipud","paramValue":0.0,"source":"manual","step":null}},"type":"parameter_msg"}
{"payload":{"local_timestamp":1732985478316,"message_id":91,"param":{"paramName":"hsv_h","paramValue":0.015,"source":"manual","step":null}},"type":"parameter_msg"}
{"payload":{"local_timestamp":1732985478316,"message_id":92,"param":{"paramName":"hsv_s","paramValue":0.7,"source":"manual","step":null}},"type":"parameter_msg"}
{"payload":{"local_timestamp":1732985478316,"message_id":93,"param":{"paramName":"hsv_v","paramValue":0.4,"source":"manual","step":null}},"type":"parameter_msg"}
{"payload":{"local_timestamp":1732985478316,"message_id":94,"param":{"paramName":"iou_t","paramValue":0.2,"source":"manual","step":null}},"type":"parameter_msg"}
{"payload":{"local_timestamp":1732985478316,"message_id":95,"param":{"paramName":"lr0","paramValue":0.01,"source":"manual","step":null}},"type":"parameter_msg"}
{"payload":{"local_timestamp":1732985478316,"message_id":96,"param":{"paramName":"lrf","paramValue":0.01,"source":"manual","step":null}},"type":"parameter_msg"}
{"payload":{"local_timestamp":1732985478316,"message_id":97,"param":{"paramName":"mixup","paramValue":0.0,"source":"manual","step":null}},"type":"parameter_msg"}
{"payload":{"local_timestamp":1732985478316,"message_id":98,"param":{"paramName":"momentum","paramValue":0.937,"source":"manual","step":null}},"type":"parameter_msg"}
{"payload":{"local_timestamp":1732985478316,"message_id":99,"param":{"paramName":"mosaic","paramValue":1.0,"source":"manual","step":null}},"type":"parameter_msg"}
{"payload":{"local_timestamp":1732985478316,"message_id":100,"param":{"paramName":"obj","paramValue":1.0,"source":"manual","step":null}},"type":"parameter_msg"}
{"payload":{"local_timestamp":1732985478316,"message_id":101,"param":{"paramName":"obj_pw","paramValue":1.0,"source":"manual","step":null}},"type":"parameter_msg"}
{"payload":{"local_timestamp":1732985478316,"message_id":102,"param":{"paramName":"perspective","paramValue":0.0,"source":"manual","step":null}},"type":"parameter_msg"}
{"payload":{"local_timestamp":1732985478316,"message_id":103,"param":{"paramName":"scale","paramValue":0.5,"source":"manual","step":null}},"type":"parameter_msg"}
{"payload":{"local_timestamp":1732985478316,"message_id":104,"param":{"paramName":"shear","paramValue":0.0,"source":"manual","step":null}},"type":"parameter_msg"}
{"payload":{"local_timestamp":1732985478316,"message_id":105,"param":{"paramName":"translate","paramValue":0.1,"source":"manual","step":null}},"type":"parameter_msg"}
{"payload":{"local_timestamp":1732985478316,"message_id":106,"param":{"paramName":"warmup_bias_lr","paramValue":0.1,"source":"manual","step":null}},"type":"parameter_msg"}
{"payload":{"local_timestamp":1732985478316,"message_id":107,"param":{"paramName":"warmup_epochs","paramValue":3.0,"source":"manual","step":null}},"type":"parameter_msg"}
{"payload":{"local_timestamp":1732985478316,"message_id":108,"param":{"paramName":"warmup_momentum","paramValue":0.8,"source":"manual","step":null}},"type":"parameter_msg"}
{"payload":{"local_timestamp":1732985478316,"message_id":109,"param":{"paramName":"weight_decay","paramValue":0.0005,"source":"manual","step":null}},"type":"parameter_msg"}
{"payload":{"additional_params":{"assetId":"6c6a999fdc01456385c9b7b8a446cc1c","context":null,"epoch":null,"extension":"json","fileName":"hyperparameters.json","overwrite":false,"runId":null,"step":null},"clean":true,"file_path":"tmps1oq5auu","local_timestamp":1732985478346,"message_id":110,"metadata":{"type":"hyp-config-file"},"upload_type":"asset"},"type":"file_upload"}
{"payload":{"additional_params":{"assetId":"b80a76ea0c0d499b9535f6f272475568","context":null,"extension":"yaml","fileName":"opt.yaml","overwrite":false,"runId":null,"step":null},"clean":true,"file_path":"tmp1gfi3bw_","local_timestamp":1732985478349,"message_id":111,"metadata":{"type":"opt-config-file"},"upload_type":"asset"},"type":"file_upload"}
{"payload":{"local_timestamp":1732985478349,"message_id":112,"param":{"paramName":"val_conf_threshold","paramValue":0.001,"source":"manual","step":null}},"type":"parameter_msg"}
{"payload":{"local_timestamp":1732985478349,"message_id":113,"param":{"paramName":"val_iou_threshold","paramValue":0.6,"source":"manual","step":null}},"type":"parameter_msg"}
{"payload":{"key":"comet_mode","message_id":114,"value":"online"},"type":"log_other"}
{"payload":{"key":"comet_max_image_uploads","message_id":115,"value":100},"type":"log_other"}
{"payload":{"key":"comet_log_per_class_metrics","message_id":116,"value":false},"type":"log_other"}
{"payload":{"key":"comet_log_batch_metrics","message_id":117,"value":false},"type":"log_other"}
{"payload":{"key":"comet_log_confusion_matrix","message_id":118,"value":true},"type":"log_other"}
{"payload":{"key":"comet_model_name","message_id":119,"value":"yolov5"},"type":"log_other"}
{"payload":{"local_timestamp":1732985479421,"message_id":120,"metric":{"epoch":null,"metricName":"sys.cpu.percent.avg","metricValue":0.0,"step":null}},"type":"metric_msg"}
{"payload":{"local_timestamp":1732985479421,"message_id":121,"metric":{"epoch":null,"metricName":"sys.ram.total","metricValue":14877257728,"step":null}},"type":"metric_msg"}
{"payload":{"local_timestamp":1732985479421,"message_id":122,"metric":{"epoch":null,"metricName":"sys.ram.used","metricValue":12827324416,"step":null}},"type":"metric_msg"}
{"payload":{"local_timestamp":1732985479421,"message_id":123,"metric":{"epoch":null,"metricName":"sys.ram.available","metricValue":2049933312,"step":null}},"type":"metric_msg"}
{"payload":{"local_timestamp":1732985479421,"message_id":124,"metric":{"epoch":null,"metricName":"sys.ram.percent.used","metricValue":86.2,"step":null}},"type":"metric_msg"}
{"payload":{"local_timestamp":1732985479421,"message_id":125,"metric":{"epoch":null,"metricName":"sys.load.avg","metricValue":0.0,"step":null}},"type":"metric_msg"}
{"payload":{"local_timestamp":1732985479553,"message_id":126,"output":"Overriding model.yaml nc=80 with nc=17\n","stderr":true},"type":"standard_output"}
{"payload":{"local_timestamp":1732985479554,"message_id":127,"output":"\n                 from  n    params  module                                  arguments                     \n","stderr":true},"type":"standard_output"}
{"payload":{"local_timestamp":1732985479557,"message_id":128,"output":"  0                -1  1      3520  models.common.Conv                      [3, 32, 6, 2, 2]              \n","stderr":true},"type":"standard_output"}
{"payload":{"local_timestamp":1732985479559,"message_id":129,"output":"  1                -1  1     18560  models.common.Conv                      [32, 64, 3, 2]                \n","stderr":true},"type":"standard_output"}
{"payload":{"local_timestamp":1732985479565,"message_id":130,"output":"  2                -1  1     18816  models.common.C3                        [64, 64, 1]                   \n","stderr":true},"type":"standard_output"}
{"payload":{"local_timestamp":1732985479575,"message_id":131,"output":"  3                -1  1     73984  models.common.Conv                      [64, 128, 3, 2]               \n","stderr":true},"type":"standard_output"}
{"payload":{"local_timestamp":1732985479594,"message_id":132,"output":"  4                -1  2    115712  models.common.C3                        [128, 128, 2]                 \n","stderr":true},"type":"standard_output"}
{"payload":{"local_timestamp":1732985479608,"message_id":133,"output":"  5                -1  1    295424  models.common.Conv                      [128, 256, 3, 2]              \n","stderr":true},"type":"standard_output"}
{"payload":{"local_timestamp":1732985479646,"message_id":134,"output":"  6                -1  3    625152  models.common.C3                        [256, 256, 3]                 \n","stderr":true},"type":"standard_output"}
{"payload":{"local_timestamp":1732985479659,"message_id":135,"output":"  7                -1  1   1180672  models.common.Conv                      [256, 512, 3, 2]              \n","stderr":true},"type":"standard_output"}
{"payload":{"local_timestamp":1732985479694,"message_id":136,"output":"  8                -1  1   1182720  models.common.C3                        [512, 512, 1]                 \n","stderr":true},"type":"standard_output"}
{"payload":{"local_timestamp":1732985479707,"message_id":137,"output":"  9                -1  1    656896  models.common.SPPF                      [512, 512, 5]                 \n","stderr":true},"type":"standard_output"}
{"payload":{"local_timestamp":1732985479714,"message_id":138,"output":" 10                -1  1    131584  models.common.Conv                      [512, 256, 1, 1]              \n","stderr":true},"type":"standard_output"}
{"payload":{"local_timestamp":1732985479715,"message_id":139,"output":" 11                -1  1         0  torch.nn.modules.upsampling.Upsample    [None, 2, 'nearest']          \n","stderr":true},"type":"standard_output"}
{"payload":{"local_timestamp":1732985479715,"message_id":140,"output":" 12           [-1, 6]  1         0  models.common.Concat                    [1]                           \n","stderr":true},"type":"standard_output"}
{"payload":{"local_timestamp":1732985479730,"message_id":141,"output":" 13                -1  1    361984  models.common.C3                        [512, 256, 1, False]          \n","stderr":true},"type":"standard_output"}
{"payload":{"local_timestamp":1732985479733,"message_id":142,"output":" 14                -1  1     33024  models.common.Conv                      [256, 128, 1, 1]              \n","stderr":true},"type":"standard_output"}
{"payload":{"local_timestamp":1732985479734,"message_id":143,"output":" 15                -1  1         0  torch.nn.modules.upsampling.Upsample    [None, 2, 'nearest']          \n","stderr":true},"type":"standard_output"}
{"payload":{"local_timestamp":1732985479734,"message_id":144,"output":" 16           [-1, 4]  1         0  models.common.Concat                    [1]                           \n","stderr":true},"type":"standard_output"}
{"payload":{"local_timestamp":1732985479741,"message_id":145,"output":" 17                -1  1     90880  models.common.C3                        [256, 128, 1, False]          \n","stderr":true},"type":"standard_output"}
{"payload":{"local_timestamp":1732985479749,"message_id":146,"output":" 18                -1  1    147712  models.common.Conv                      [128, 128, 3, 2]              \n","stderr":true},"type":"standard_output"}
{"payload":{"local_timestamp":1732985479750,"message_id":147,"output":" 19          [-1, 14]  1         0  models.common.Concat                    [1]                           \n","stderr":true},"type":"standard_output"}
{"payload":{"local_timestamp":1732985479762,"message_id":148,"output":" 20                -1  1    296448  models.common.C3                        [256, 256, 1, False]          \n","stderr":true},"type":"standard_output"}
{"payload":{"local_timestamp":1732985479768,"message_id":149,"output":" 21                -1  1    590336  models.common.Conv                      [256, 256, 3, 2]              \n","stderr":true},"type":"standard_output"}
{"payload":{"local_timestamp":1732985479770,"message_id":150,"output":" 22          [-1, 10]  1         0  models.common.Concat                    [1]                           \n","stderr":true},"type":"standard_output"}
{"payload":{"local_timestamp":1732985479792,"message_id":151,"output":" 23                -1  1   1182720  models.common.C3                        [512, 512, 1, False]          \n","stderr":true},"type":"standard_output"}
{"payload":{"local_timestamp":1732985479795,"message_id":152,"output":" 24      [17, 20, 23]  1     59334  models.yolo.Detect                      [17, [[10, 13, 16, 30, 33, 23], [30, 61, 62, 45, 59, 119], [116, 90, 156, 198, 373, 326]], [128, 256, 512]]\n","stderr":true},"type":"standard_output"}
{"payload":{"git_metadata":{"branch":"refs/heads/master","origin":"https://github.com/ultralytics/yolov5","parent":"882c35fc43a4d7175ff24e8e20b0ec0636d75f49","repo_name":"yolov5","root":"1e84a23f38fad9e52b59101e9f1246d93066ed1e","status":null,"user":"Vasco Pires"},"message_id":153},"type":"git_metadata"}
{"payload":{"local_timestamp":1732985481370,"message_id":154,"output":"Model summary: 214 layers, 7065478 parameters, 7065478 gradients, 16.1 GFLOPs\n","stderr":true},"type":"standard_output"}
{"payload":{"local_timestamp":1732985481370,"message_id":155,"output":"\n","stderr":true},"type":"standard_output"}
{"payload":{"local_timestamp":1732985481539,"message_id":156,"output":"Transferred 343/349 items from yolov5s.pt\n","stderr":true},"type":"standard_output"}
{"payload":{"local_timestamp":1732985481545,"message_id":157,"output":"\u001b[34m\u001b[1moptimizer:\u001b[0m SGD(lr=0.01) with parameter groups 57 weight(decay=0.0), 60 weight(decay=0.0005), 60 bias\n","stderr":true},"type":"standard_output"}
{"payload":{"local_timestamp":1732985481750,"message_id":158,"output":"\r\u001b[34m\u001b[1mtrain: \u001b[0mScanning C:\\Users\\vasco\\OneDrive\\Ambiente de Trabalho\\LEFT\\Neecathon\\YOLO-Drowsiness-Detection\\data\\labels.cache... 60 images, 0 backgrounds, 0 corrupt: 100%|\u2588\u2588\u2588\u2588\u2588\u2588\u2588\u2588\u2588\u2588| 60/60 [00:00<?, ?it/s]","stderr":true},"type":"standard_output"}
{"payload":{"local_timestamp":1732985481750,"message_id":159,"output":"\r\u001b[34m\u001b[1mtrain: \u001b[0mScanning C:\\Users\\vasco\\OneDrive\\Ambiente de Trabalho\\LEFT\\Neecathon\\YOLO-Drowsiness-Detection\\data\\labels.cache... 60 images, 0 backgrounds, 0 corrupt: 100%|\u2588\u2588\u2588\u2588\u2588\u2588\u2588\u2588\u2588\u2588| 60/60 [00:00<?, ?it/s]","stderr":true},"type":"standard_output"}
{"payload":{"local_timestamp":1732985481750,"message_id":160,"output":"\n","stderr":true},"type":"standard_output"}
{"payload":{"local_timestamp":1732985510355,"message_id":161,"metric":{"epoch":null,"metricName":"sys.cpu.percent.avg","metricValue":100.0,"step":null}},"type":"metric_msg"}
{"payload":{"local_timestamp":1732985510355,"message_id":162,"metric":{"epoch":null,"metricName":"sys.ram.total","metricValue":14877257728,"step":null}},"type":"metric_msg"}
{"payload":{"local_timestamp":1732985510355,"message_id":163,"metric":{"epoch":null,"metricName":"sys.ram.used","metricValue":13239562240,"step":null}},"type":"metric_msg"}
{"payload":{"local_timestamp":1732985510355,"message_id":164,"metric":{"epoch":null,"metricName":"sys.ram.available","metricValue":1637695488,"step":null}},"type":"metric_msg"}
{"payload":{"local_timestamp":1732985510355,"message_id":165,"metric":{"epoch":null,"metricName":"sys.ram.percent.used","metricValue":89.0,"step":null}},"type":"metric_msg"}
{"payload":{"local_timestamp":1732985510355,"message_id":166,"metric":{"epoch":null,"metricName":"sys.load.avg","metricValue":14.04,"step":null}},"type":"metric_msg"}
{"payload":{"local_timestamp":1732985510475,"message_id":167,"metric":{"epoch":null,"metricName":"sys.network.send_bps","metricValue":473,"step":null}},"type":"metric_msg"}
{"payload":{"local_timestamp":1732985510476,"message_id":168,"metric":{"epoch":null,"metricName":"sys.network.receive_bps","metricValue":468,"step":null}},"type":"metric_msg"}
{"payload":{"local_timestamp":1732985510577,"message_id":169,"metric":{"epoch":null,"metricName":"sys.disk.read_bps","metricValue":13455277.402537638,"step":null}},"type":"metric_msg"}
{"payload":{"local_timestamp":1732985510577,"message_id":170,"metric":{"epoch":null,"metricName":"sys.disk.write_bps","metricValue":29949038.664817072,"step":null}},"type":"metric_msg"}
{"payload":{"local_timestamp":1732985540194,"message_id":171,"output":"\r\u001b[34m\u001b[1mval: \u001b[0mScanning C:\\Users\\vasco\\OneDrive\\Ambiente de Trabalho\\LEFT\\Neecathon\\YOLO-Drowsiness-Detection\\data\\labels.cache... 60 images, 0 backgrounds, 0 corrupt: 100%|\u2588\u2588\u2588\u2588\u2588\u2588\u2588\u2588\u2588\u2588| 60/60 [00:00<?, ?it/s]","stderr":true},"type":"standard_output"}
{"payload":{"local_timestamp":1732985540194,"message_id":172,"output":"\r\u001b[34m\u001b[1mval: \u001b[0mScanning C:\\Users\\vasco\\OneDrive\\Ambiente de Trabalho\\LEFT\\Neecathon\\YOLO-Drowsiness-Detection\\data\\labels.cache... 60 images, 0 backgrounds, 0 corrupt: 100%|\u2588\u2588\u2588\u2588\u2588\u2588\u2588\u2588\u2588\u2588| 60/60 [00:00<?, ?it/s]","stderr":true},"type":"standard_output"}
{"payload":{"local_timestamp":1732985540194,"message_id":173,"output":"\n","stderr":true},"type":"standard_output"}
{"payload":{"local_timestamp":1732985541334,"message_id":174,"metric":{"epoch":null,"metricName":"sys.cpu.percent.avg","metricValue":100.0,"step":null}},"type":"metric_msg"}
{"payload":{"local_timestamp":1732985541334,"message_id":175,"metric":{"epoch":null,"metricName":"sys.ram.total","metricValue":14877257728,"step":null}},"type":"metric_msg"}
{"payload":{"local_timestamp":1732985541334,"message_id":176,"metric":{"epoch":null,"metricName":"sys.ram.used","metricValue":13491335168,"step":null}},"type":"metric_msg"}
{"payload":{"local_timestamp":1732985541334,"message_id":177,"metric":{"epoch":null,"metricName":"sys.ram.available","metricValue":1385922560,"step":null}},"type":"metric_msg"}
{"payload":{"local_timestamp":1732985541334,"message_id":178,"metric":{"epoch":null,"metricName":"sys.ram.percent.used","metricValue":90.7,"step":null}},"type":"metric_msg"}
{"payload":{"local_timestamp":1732985541334,"message_id":179,"metric":{"epoch":null,"metricName":"sys.load.avg","metricValue":23.74,"step":null}},"type":"metric_msg"}
{"payload":{"local_timestamp":1732985541510,"message_id":180,"metric":{"epoch":null,"metricName":"sys.network.send_bps","metricValue":1726,"step":null}},"type":"metric_msg"}
{"payload":{"local_timestamp":1732985541511,"message_id":181,"metric":{"epoch":null,"metricName":"sys.network.receive_bps","metricValue":1719,"step":null}},"type":"metric_msg"}
{"payload":{"local_timestamp":1732985541613,"message_id":182,"metric":{"epoch":null,"metricName":"sys.disk.read_bps","metricValue":19533505.329674195,"step":null}},"type":"metric_msg"}
{"payload":{"local_timestamp":1732985541613,"message_id":183,"metric":{"epoch":null,"metricName":"sys.disk.write_bps","metricValue":19289082.45580046,"step":null}},"type":"metric_msg"}
{"payload":{"local_timestamp":1732985572343,"message_id":184,"metric":{"epoch":null,"metricName":"sys.cpu.percent.avg","metricValue":99.98125000000002,"step":null}},"type":"metric_msg"}
{"payload":{"local_timestamp":1732985572343,"message_id":185,"metric":{"epoch":null,"metricName":"sys.ram.total","metricValue":14877257728,"step":null}},"type":"metric_msg"}
{"payload":{"local_timestamp":1732985572343,"message_id":186,"metric":{"epoch":null,"metricName":"sys.ram.used","metricValue":13180776448,"step":null}},"type":"metric_msg"}
{"payload":{"local_timestamp":1732985572343,"message_id":187,"metric":{"epoch":null,"metricName":"sys.ram.available","metricValue":1696481280,"step":null}},"type":"metric_msg"}
{"payload":{"local_timestamp":1732985572343,"message_id":188,"metric":{"epoch":null,"metricName":"sys.ram.percent.used","metricValue":88.6,"step":null}},"type":"metric_msg"}
{"payload":{"local_timestamp":1732985572343,"message_id":189,"metric":{"epoch":null,"metricName":"sys.load.avg","metricValue":29.54,"step":null}},"type":"metric_msg"}
{"payload":{"local_timestamp":1732985572482,"message_id":190,"metric":{"epoch":null,"metricName":"sys.network.send_bps","metricValue":668,"step":null}},"type":"metric_msg"}
{"payload":{"local_timestamp":1732985572482,"message_id":191,"metric":{"epoch":null,"metricName":"sys.network.receive_bps","metricValue":1064,"step":null}},"type":"metric_msg"}
{"payload":{"local_timestamp":1732985572583,"message_id":192,"metric":{"epoch":null,"metricName":"sys.disk.read_bps","metricValue":8220494.974256415,"step":null}},"type":"metric_msg"}
{"payload":{"local_timestamp":1732985572583,"message_id":193,"metric":{"epoch":null,"metricName":"sys.disk.write_bps","metricValue":13728405.148104867,"step":null}},"type":"metric_msg"}
{"payload":{"local_timestamp":1732985603334,"message_id":194,"metric":{"epoch":null,"metricName":"sys.cpu.percent.avg","metricValue":100.0,"step":null}},"type":"metric_msg"}
{"payload":{"local_timestamp":1732985603334,"message_id":195,"metric":{"epoch":null,"metricName":"sys.ram.total","metricValue":14877257728,"step":null}},"type":"metric_msg"}
{"payload":{"local_timestamp":1732985603334,"message_id":196,"metric":{"epoch":null,"metricName":"sys.ram.used","metricValue":14020509696,"step":null}},"type":"metric_msg"}
{"payload":{"local_timestamp":1732985603334,"message_id":197,"metric":{"epoch":null,"metricName":"sys.ram.available","metricValue":856748032,"step":null}},"type":"metric_msg"}
{"payload":{"local_timestamp":1732985603334,"message_id":198,"metric":{"epoch":null,"metricName":"sys.ram.percent.used","metricValue":94.2,"step":null}},"type":"metric_msg"}
{"payload":{"local_timestamp":1732985603334,"message_id":199,"metric":{"epoch":null,"metricName":"sys.load.avg","metricValue":29.98,"step":null}},"type":"metric_msg"}
{"payload":{"local_timestamp":1732985603452,"message_id":200,"metric":{"epoch":null,"metricName":"sys.network.send_bps","metricValue":306,"step":null}},"type":"metric_msg"}
{"payload":{"local_timestamp":1732985603452,"message_id":201,"metric":{"epoch":null,"metricName":"sys.network.receive_bps","metricValue":1905,"step":null}},"type":"metric_msg"}
{"payload":{"local_timestamp":1732985603553,"message_id":202,"metric":{"epoch":null,"metricName":"sys.disk.read_bps","metricValue":6149224.970499488,"step":null}},"type":"metric_msg"}
{"payload":{"local_timestamp":1732985603553,"message_id":203,"metric":{"epoch":null,"metricName":"sys.disk.write_bps","metricValue":22455684.228026003,"step":null}},"type":"metric_msg"}
{"payload":{"local_timestamp":1732985634265,"message_id":204,"metric":{"epoch":null,"metricName":"sys.cpu.percent.avg","metricValue":100.0,"step":null}},"type":"metric_msg"}
{"payload":{"local_timestamp":1732985634265,"message_id":205,"metric":{"epoch":null,"metricName":"sys.ram.total","metricValue":14877257728,"step":null}},"type":"metric_msg"}
{"payload":{"local_timestamp":1732985634265,"message_id":206,"metric":{"epoch":null,"metricName":"sys.ram.used","metricValue":13597900800,"step":null}},"type":"metric_msg"}
{"payload":{"local_timestamp":1732985634265,"message_id":207,"metric":{"epoch":null,"metricName":"sys.ram.available","metricValue":1279356928,"step":null}},"type":"metric_msg"}
{"payload":{"local_timestamp":1732985634265,"message_id":208,"metric":{"epoch":null,"metricName":"sys.ram.percent.used","metricValue":91.4,"step":null}},"type":"metric_msg"}
{"payload":{"local_timestamp":1732985634265,"message_id":209,"metric":{"epoch":null,"metricName":"sys.load.avg","metricValue":29.95,"step":null}},"type":"metric_msg"}
{"payload":{"local_timestamp":1732985634381,"message_id":210,"metric":{"epoch":null,"metricName":"sys.network.send_bps","metricValue":1779,"step":null}},"type":"metric_msg"}
{"payload":{"local_timestamp":1732985634381,"message_id":211,"metric":{"epoch":null,"metricName":"sys.network.receive_bps","metricValue":1585,"step":null}},"type":"metric_msg"}
{"payload":{"local_timestamp":1732985634484,"message_id":212,"metric":{"epoch":null,"metricName":"sys.disk.read_bps","metricValue":12929202.854608648,"step":null}},"type":"metric_msg"}
{"payload":{"local_timestamp":1732985634484,"message_id":213,"metric":{"epoch":null,"metricName":"sys.disk.write_bps","metricValue":7299674.795200366,"step":null}},"type":"metric_msg"}
{"payload":{"additional_params":{"assetId":"952a53b054674c5992c3c01a3747a6bf","context":null,"extension":"jpg","fileName":"labels.jpg","overwrite":false,"runId":null,"step":null},"clean":true,"file_path":"tmp5s9wxr0j","local_timestamp":1732985652779,"message_id":214,"metadata":{},"upload_type":"asset"},"type":"file_upload"}
{"payload":{"additional_params":{"assetId":"806813ded5cb481585bd12b936c7b5c4","context":null,"extension":"jpg","fileName":"labels_correlogram.jpg","overwrite":false,"runId":null,"step":null},"clean":true,"file_path":"tmp1autruyk","local_timestamp":1732985652791,"message_id":215,"metadata":{},"upload_type":"asset"},"type":"file_upload"}
{"payload":{"local_timestamp":1732985652796,"message_id":216,"param":{"paramName":"cls","paramValue":0.10625,"source":"manual","step":null}},"type":"parameter_msg"}
{"payload":{"local_timestamp":1732985652796,"message_id":217,"param":{"paramName":"obj","paramValue":0.25,"source":"manual","step":null}},"type":"parameter_msg"}
{"payload":{"local_timestamp":1732985652797,"message_id":218,"output":"\n[Epoch 1/2] Training Progress:","stderr":false},"type":"standard_output"}
{"payload":{"local_timestamp":1732985652797,"message_id":219,"output":"\n","stderr":false},"type":"standard_output"}
