{"offline_id": "75748951fac54f9c9d93a50a89dd2fbf", "project_name": "yolov5", "start_time": 1732986589148, "stop_time": 1732986603980, "tags": [], "workspace": null, "resume_strategy": "create", "customer_error_reported": true, "customer_error_message": "Unexpected error detected in the user script: AssertionError('\\x1b[34m\\x1b[1mtrain: \\x1b[0mNo labels found in C:\\\\Users\\\\vasco\\\\OneDrive\\\\Ambiente de Trabalho\\\\LEFT\\\\Neecathon\\\\YOLO-Drowsiness-Detection\\\\data\\\\labels.cache, can not start training. See https://docs.ultralytics.com/yolov5/tutorials/train_custom_data')", "user_provided_experiment_key": false, "comet_start_sourced": false}